tracker_id,class_id,x_min,y_min,x_max,y_max
1,0,647.2096,589.0796,685.8489,632.1573
2,0,319.81216,370.25058,355.2179,410.91476
3,0,1267.4409,452.9224,1309.2882,494.094
4,0,146.33865,707.25916,188.50523,752.0123
5,0,873.42303,373.47574,914.81586,412.7398
6,0,345.5378,598.0351,388.50314,642.9772
7,0,44.756294,465.26733,84.0758,511.82928
8,0,1064.5363,451.77844,1107.2928,493.37405
9,0,234.79272,373.02005,274.38068,413.9043
10,0,969.01306,435.96243,1014.3774,477.68408
11,0,752.1849,66.365715,797.8201,109.094864
12,0,859.29767,502.7294,899.6517,543.6617
13,0,0.0,703.12225,16.377588,738.84326
14,0,582.4543,771.93835,626.8318,813.31213
15,0,246.17535,374.12427,288.9695,414.14026
16,0,911.6667,689.08026,951.74304,727.78186
17,0,860.1635,0.0,901.453,33.264225
18,0,235.88617,374.27237,287.10736,422.91394
19,0,974.92926,487.7542,1012.4263,527.6964
20,0,597.8043,286.63556,651.4411,336.73962
21,0,400.97266,62.78231,440.43478,104.73863
1,0,647.47577,589.136,685.7026,631.8316
2,0,319.87567,370.24228,355.30612,410.90045
3,0,1267.3566,452.77563,1309.1715,494.07733
6,0,345.66858,598.318,388.08054,642.2757
5,0,873.571,374.23917,914.7475,413.37268
4,0,145.92593,707.15485,188.41286,752.10284
7,0,45.020157,465.41748,83.86287,511.0599
8,0,1064.5706,451.75626,1107.2047,493.3052
9,0,232.48213,372.42,270.17053,412.75644
10,0,969.1989,436.01144,1014.30634,477.57834
12,0,859.4053,502.8644,899.60956,543.4352
13,0,0.0,703.11456,16.386194,738.71216
14,0,582.6442,771.5827,627.09094,813.09357
11,0,752.315,66.39428,797.6277,109.006546
15,0,246.42151,374.10834,288.86325,414.08115
17,0,860.15106,0.0,901.70886,33.264046
16,0,911.22003,688.7647,951.7947,727.8493
19,0,975.7709,490.76974,1010.28424,527.1124
18,0,235.73387,374.28122,286.8586,422.9756
20,0,597.9765,286.5334,651.2263,335.93152
21,0,401.3316,62.650234,440.44,104.5998
4,0,148.52481,701.9723,190.64536,745.80206
2,0,317.158,381.1597,351.0164,422.86148
1,0,648.1053,593.30365,689.0171,638.91406
3,0,1268.0931,453.0223,1309.3794,495.6333
6,0,356.01068,600.09735,397.35077,642.614
7,0,35.382874,467.60114,72.39947,508.52884
20,0,597.7054,283.16666,645.77386,326.81345
5,0,882.34033,374.6263,923.7907,415.63144
9,0,220.79422,366.22708,261.6243,408.52695
14,0,577.28723,768.5092,630.45087,813.16626
8,0,1066.3314,452.2134,1107.3865,493.98907
13,0,0.0,702.9522,15.965575,738.9484
17,0,863.2672,0.9781345,908.771,41.333084
12,0,859.644,503.71176,899.49554,543.14
15,0,247.69774,368.54724,285.1379,408.82834
16,0,911.4685,689.3517,951.6636,727.88727
10,0,975.7426,421.9754,1018.6301,466.19724
11,0,752.7992,67.74485,796.2345,109.9215
19,0,976.1953,489.3021,1010.986,526.62195
21,0,401.8814,63.39144,437.51627,100.25188
4,0,152.37312,697.19995,193.54938,737.59985
3,0,1274.9753,455.34232,1313.9364,494.57605
1,0,649.9224,595.49146,691.92346,641.9053
7,0,19.29278,449.78473,61.01706,492.0592
5,0,898.75,379.8639,940.57465,426.14783
2,0,307.92343,370.72778,347.94687,410.98956
6,0,366.15244,613.50916,406.20956,657.32794
12,0,858.9847,503.90942,900.1146,544.06805
8,0,1066.5883,451.81708,1107.4019,493.68454
10,0,981.4753,403.72318,1027.3403,445.88226
17,0,869.2033,10.070778,912.335,57.777588
16,0,910.65375,688.6372,950.9316,728.3759
13,0,0.0,702.61865,15.9874735,738.70074
11,0,750.1679,75.54642,801.4017,123.468544
9,0,207.20317,371.78818,246.94257,410.84274
20,0,599.05945,286.37122,646.2874,331.97647
21,0,397.27808,62.873672,437.71497,102.19673
19,0,974.15015,491.28476,1010.58563,528.0774
4,0,155.11696,694.8454,186.59753,728.34644
2,0,299.59714,386.82153,338.02826,425.75793
1,0,649.5804,604.8487,691.4171,649.6752
8,0,1062.0381,450.5017,1102.4302,491.78354
20,0,599.1439,299.89798,636.9011,341.59604
3,0,1277.7819,455.24707,1314.8416,494.83704
7,0,27.98195,433.14984,62.04077,471.2858
6,0,363.1104,607.7612,407.17645,656.3644
5,0,904.2617,372.2383,948.0164,416.902
12,0,859.729,504.92105,899.6359,543.9492
17,0,853.0947,16.827309,894.46796,59.80441
9,0,208.18416,378.3556,241.04257,414.07675
11,0,747.6044,81.860886,791.89355,123.34053
13,0,0.0,703.63556,15.528514,738.423
16,0,910.1977,688.2272,951.54913,728.01
15,0,230.93674,365.75964,269.2311,407.97214
21,0,388.39368,63.282875,427.53244,99.655464
26,0,1262.2003,450.56805,1313.9194,498.4108
3,0,1280.1501,456.63123,1313.4597,494.68552
1,0,652.3136,606.0734,693.49884,653.0609
4,0,154.22694,691.10583,189.22539,727.72754
8,0,1061.3524,449.72833,1102.4457,490.91153
20,0,601.0964,305.8893,636.3204,347.12335
12,0,860.203,504.72806,899.2563,543.66815
27,0,992.12805,444.52155,1024.0044,479.54865
7,0,32.648582,428.10843,68.40672,465.70166
11,0,742.70746,79.066216,787.2686,120.928734
2,0,297.93875,386.03506,340.7081,426.08746
5,0,901.09283,364.01468,936.2412,402.16678
13,0,0.0,703.3714,16.415339,738.6864
9,0,196.78899,379.23648,237.37965,417.62415
16,0,916.4524,688.55475,951.0824,726.3181
17,0,843.20276,16.878881,883.66034,57.46163
31,0,1277.5013,456.90628,1316.1421,504.67462
6,0,355.00195,608.3601,404.18134,661.18134
26,0,1263.4532,450.6454,1312.492,497.8404
6,0,355.02054,608.03485,394.85684,651.1697
4,0,153.6453,690.4841,189.03255,727.3971
1,0,652.19055,606.24,693.42975,653.2334
3,0,1280.7106,456.90143,1313.0701,494.26318
8,0,1061.3119,449.7696,1102.4419,490.90976
20,0,600.8527,305.56018,636.2613,346.87143
12,0,860.29767,504.7535,899.1736,543.432
27,0,992.32776,444.61935,1023.7411,478.98264
7,0,33.440582,428.22943,67.987114,465.09943
11,0,743.36566,79.00823,786.852,120.33156
2,0,297.85196,386.3791,340.88388,426.97705
5,0,901.3206,364.06958,935.915,401.71793
9,0,196.80043,379.43546,236.99683,417.3971
13,0,0.0,703.31757,16.360697,738.691
17,0,843.2639,16.677608,883.76056,57.261223
16,0,916.48425,687.96704,951.10785,725.7282
33,0,592.22076,304.46548,636.2197,352.517
34,0,836.97546,7.105372,885.62024,61.318237
26,0,1274.9158,451.58902,1313.7673,499.09897
36,0,600.94257,797.73224,634.95245,818.0
31,0,1277.9924,457.117,1316.0227,504.64282
35,0,30.10921,426.21933,68.634094,474.3952
37,0,988.4793,443.41537,1025.8684,488.74194
38,0,152.70918,686.2687,196.42136,733.0111
21,0,384.3469,61.69381,421.84863,100.27038
1,0,650.3277,615.2426,693.4955,663.9984
2,0,294.27267,389.0856,330.9625,427.2208
3,0,1279.0653,459.58917,1317.9092,494.50763
8,0,1069.0476,439.33157,1107.8463,483.68765
20,0,594.91125,311.05237,628.1467,352.21808
12,0,859.9556,504.73337,899.55286,544.0556
9,0,172.14664,370.66364,215.34576,409.9138
38,0,156.85736,682.5306,198.01418,726.4253
7,0,25.799389,413.2131,61.39271,453.15475
37,0,997.7312,451.37863,1039.489,492.6682
17,0,829.5612,18.427952,872.9786,59.59349
6,0,341.64264,611.0127,390.1499,660.94995
13,0,0.0,702.81104,16.472115,739.2032
16,0,915.975,687.78955,951.6031,725.8462
11,0,735.7108,69.072136,782.41815,112.907036
19,0,965.73553,486.66916,1008.6866,532.48987
21,0,383.24326,58.2302,423.07712,99.14167
31,0,1275.2385,458.29068,1319.9943,505.1836
33,0,592.1524,309.02682,636.42163,357.1907
7,0,0.70098263,399.4027,42.495846,440.99222
2,0,285.4199,397.72736,321.55658,437.9256
42,0,881.34106,330.3842,920.1079,371.3793
8,0,1080.0316,435.6184,1119.9336,478.85773
17,0,815.7969,35.372498,852.16394,73.723946
4,0,153.9694,679.78937,186.88548,713.51544
1,0,656.2427,629.567,694.2385,670.48804
31,0,1281.9492,460.27783,1320.2653,502.11273
12,0,860.0035,504.73672,899.75146,543.8981
20,0,595.99,312.12335,627.9209,351.62192
13,0,0.0,703.10284,16.421347,738.4915
16,0,916.38745,689.7564,951.6132,726.5211
11,0,734.07135,75.12108,780.1561,118.21765
21,0,386.04352,58.402714,420.12195,94.72248
9,0,162.46603,363.75217,206.07607,407.47586
33,0,590.97186,310.99164,631.9329,356.5236
38,0,152.6733,677.642,189.29428,723.0425
15,0,213.85417,372.81174,248.27968,408.81564
26,0,1271.825,453.41638,1318.9929,503.2946
42,0,891.37286,322.07715,933.58203,363.37012
4,0,152.7456,668.5913,190.88681,710.6723
2,0,292.5177,404.11142,334.01895,449.16824
12,0,858.2432,504.43704,899.0448,544.8805
8,0,1075.8441,434.0788,1116.0056,478.5244
7,0,0.0,394.2471,27.788658,427.13446
1,0,656.096,633.65753,699.4629,681.4828
6,0,359.2122,628.8933,400.7177,674.4181
31,0,1286.3962,463.26767,1325.2949,502.4708
20,0,581.7583,316.62817,625.58374,362.19864
37,0,1015.19476,447.61774,1061.5691,494.5828
9,0,174.81819,355.71362,227.88684,411.90298
11,0,729.53925,74.46167,780.0341,125.324776
16,0,915.0051,687.95056,952.115,726.768
13,0,0.0,702.07666,17.561537,739.647
21,0,382.3458,51.52071,417.6467,90.32695
26,0,1278.136,459.90866,1324.4125,507.61215
33,0,573.5979,312.2787,622.9234,364.71646
5,0,911.69196,337.92923,949.5952,377.4955
8,0,1068.017,434.78265,1111.3057,480.07544
15,0,185.71182,364.53418,235.448,414.794
1,0,657.92957,639.1026,698.1997,684.8497
50,0,811.39886,84.93786,840.02216,119.86045
12,0,858.1827,504.68668,899.4249,545.4657
2,0,289.76755,414.78296,330.81305,458.9384
26,0,1284.8696,463.76114,1327.489,506.9211
7,0,0.0,404.55743,25.766161,445.2355
4,0,155.7825,662.1938,193.431,708.91034
33,0,566.3008,311.93494,615.74615,359.31464
6,0,368.32983,627.43994,413.76318,673.93884
13,0,0.0,702.2617,16.920095,738.85895
11,0,725.7658,78.90667,776.1153,125.4077
21,0,385.94113,44.48487,420.3758,81.92033
16,0,916.01953,689.6125,951.2616,726.77954
48,0,179.7213,368.99997,232.35924,426.15314
4,0,152.72923,658.94495,185.9276,694.11676
2,0,280.99915,434.6931,315.11594,475.74072
12,0,858.0885,504.53958,900.17145,545.49896
1,0,656.36444,646.48865,700.913,696.18036
31,0,1292.1603,461.63675,1331.0018,502.08902
5,0,931.9527,346.8285,978.32574,392.8056
8,0,1057.8466,440.46512,1104.6517,484.56024
16,0,912.57336,687.0067,951.9171,727.33453
33,0,561.41223,291.0702,607.0838,340.24716
21,0,381.24445,45.845806,418.21606,82.403275
13,0,0.0,703.52356,16.06712,738.53986
11,0,710.01465,79.50329,760.0386,127.73441
15,0,181.4163,357.3885,215.6184,401.03577
26,0,1280.9117,457.00742,1329.6255,503.4342
38,0,150.59805,658.76843,186.55998,707.2377
19,0,966.9281,484.18237,1008.26544,529.04877
4,0,153.41158,660.3077,185.56192,695.3517
53,0,825.0131,107.46049,857.89996,142.70432
2,0,281.18234,434.9287,314.54553,475.25558
12,0,858.1028,504.541,900.1642,545.4742
1,0,656.5935,646.791,700.8967,696.2661
31,0,1291.6692,461.15652,1331.1769,502.11768
54,0,212.64088,337.7088,244.50694,376.7242
5,0,932.22925,346.91858,978.40436,392.90643
56,0,1010.8561,496.10837,1043.3799,535.82263
8,0,1057.9973,440.33258,1104.5834,484.2975
55,0,383.83362,663.3772,426.0508,703.59326
57,0,1.830158,401.2385,51.816795,444.6857
16,0,912.6908,687.03894,951.8689,727.3105
21,0,381.55212,46.126152,417.98465,82.31773
33,0,562.05334,291.57724,607.0052,340.3206
13,0,0.0,703.5113,16.09101,738.5053
58,0,822.2559,105.45107,860.10205,152.89603
60,0,204.2199,335.83228,246.07133,389.94168
11,0,710.3023,79.692856,759.2583,127.84188
59,0,270.9835,431.39746,315.60504,477.503
15,0,181.46016,357.63312,215.27661,400.97275
61,0,184.46677,347.66415,229.03761,399.36
26,0,1280.9124,456.73685,1329.7725,503.3267
38,0,150.55685,658.6893,186.5811,707.28815
62,0,991.4741,486.852,1040.3176,536.98987
19,0,966.98785,484.11514,1008.13794,529.0865
38,0,140.61456,654.9258,178.76218,695.9071
1,0,656.5695,662.23883,699.07324,708.5579
2,0,293.61572,449.8365,331.5849,494.07388
33,0,565.00775,287.60477,606.6576,332.61145
12,0,858.59467,505.8569,899.10156,544.549
31,0,1296.2545,468.58298,1331.7177,503.2876
6,0,388.84048,634.7301,433.92896,679.8352
8,0,1057.6007,448.94327,1103.3828,490.1962
5,0,937.55994,330.99936,978.70526,373.66367
58,0,841.4795,103.996605,878.39136,146.34135
15,0,164.09637,362.8137,211.80002,406.512
11,0,710.0717,75.692894,757.34705,120.05643
57,0,15.340804,412.70847,57.511833,454.7846
56,0,1016.1405,482.55148,1055.0352,525.8963
13,0,0.0,702.7308,16.90474,739.0109
21,0,381.36807,45.00106,415.98962,80.61018
16,0,916.6489,688.5899,950.9318,726.7962
60,0,190.42001,335.9009,260.28973,392.7592
19,0,968.2467,487.70108,1004.2133,528.61566
26,0,1288.3645,464.88306,1331.4463,505.47455
2,0,290.44446,459.8921,336.81467,507.72568
15,0,171.83148,361.3186,212.3057,398.64374
31,0,1297.7346,468.3519,1332.6189,504.96844
1,0,650.94806,663.6388,698.98785,714.2812
33,0,547.904,278.59863,597.2296,328.86993
6,0,400.2764,633.2589,447.9909,675.6948
37,0,1054.6144,454.0175,1104.4012,495.07687
12,0,858.4291,505.58795,899.89557,544.8158
5,0,917.72614,328.76373,961.45337,373.83298
57,0,24.725336,418.03064,61.68009,455.69196
58,0,842.1032,117.82045,884.45264,163.19719
13,0,0.0,703.5073,15.723738,738.15106
16,0,913.93304,687.776,951.9407,727.76263
54,0,217.45465,332.6159,263.9549,375.0774
38,0,136.2531,651.68805,171.69296,691.08
21,0,379.2541,36.787067,413.57828,71.019035
11,0,710.091,74.468735,759.2824,121.762054
6,0,414.22058,621.27466,460.12393,664.68994
35,0,34.01676,430.4316,75.76231,474.73874
1,0,653.18353,670.3073,696.83136,718.17615
26,0,1299.2306,464.23615,1340.7908,505.52054
12,0,858.40485,505.50586,899.7318,544.27875
42,0,901.0604,318.09274,944.0053,361.96692
58,0,865.1169,111.67407,905.7137,152.75244
33,0,548.33594,272.25644,591.23364,316.4663
59,0,275.36353,446.72,320.57477,491.36102
37,0,1054.0476,456.96564,1102.4906,499.2234
11,0,710.77295,79.56494,759.50793,124.84669
16,0,913.98535,687.48456,951.8329,727.1822
38,0,135.81401,646.0438,172.2906,685.3627
13,0,0.0,702.95966,16.581379,739.0808
15,0,162.27707,356.87552,205.38391,399.3438
15,0,163.52412,358.18567,202.37823,392.7093
12,0,858.8407,505.49808,899.8453,544.2113
31,0,1301.125,470.44354,1336.4705,508.55695
58,0,881.09955,122.558525,918.9312,160.3764
1,0,651.5105,680.8542,695.3075,728.40955
33,0,545.0603,278.38922,583.5918,317.5858
60,0,213.83453,351.40955,242.73907,386.20944
6,0,415.29486,641.16656,454.25034,683.24255
59,0,284.01486,429.20477,329.87436,478.1927
38,0,126.817276,648.04156,162.58139,684.17865
8,0,1055.9996,449.5582,1100.4257,497.4346
21,0,368.51776,39.106636,403.69543,69.30221
16,0,914.92456,687.98157,952.49475,727.6763
13,0,0.0,703.3378,16.233915,739.2646
11,0,702.76465,80.230965,746.777,121.64279
66,0,210.10191,348.30423,248.08104,391.16248
37,0,1056.3403,459.4706,1102.6958,504.03305
6,0,421.47653,657.21655,459.5597,696.273
12,0,858.7767,505.4645,899.66797,544.22064
38,0,127.36558,649.97815,157.71573,681.6168
42,0,911.59235,296.19324,955.48883,339.20786
1,0,650.4072,684.6874,695.0062,733.55225
70,0,862.68884,133.02213,901.88696,173.78519
31,0,1301.5032,469.15555,1338.9786,510.31445
15,0,160.31769,356.35,195.32735,389.7816
68,0,47.080547,465.89404,92.002785,508.99567
37,0,1058.7726,461.77255,1105.3158,506.03964
33,0,533.89557,290.01038,576.832,331.62125
66,0,204.54741,345.9908,237.35303,385.64407
74,0,155.12766,352.4092,196.77174,392.59344
16,0,914.9373,687.66125,951.7955,726.98755
11,0,699.5105,77.93151,748.7537,122.08511
13,0,0.0,703.35425,16.148434,739.4294
61,0,196.19086,342.60944,239.31943,387.32672
21,0,370.84692,32.792904,404.34528,67.48996
8,0,1057.1409,436.56168,1100.541,492.41196
73,0,125.63358,647.4922,161.7784,686.12274
6,0,421.54147,657.23474,459.51117,696.2821
1,0,650.5674,685.3015,694.59125,733.65576
38,0,127.43868,649.9894,157.70908,681.4685
12,0,858.8458,505.48456,899.624,544.13727
42,0,911.6148,296.15897,955.58636,339.14304
70,0,862.869,133.0285,901.8204,173.71484
31,0,1301.4624,469.00238,1338.985,510.33292
15,0,160.34456,356.2673,195.3089,389.706
68,0,47.49038,465.9152,92.13376,508.39435
37,0,1058.7858,461.63757,1105.279,506.0053
76,0,305.1053,413.75314,342.85522,454.54138
33,0,534.252,290.0703,576.7196,331.5353
66,0,204.58714,345.9632,237.30684,385.62582
74,0,155.15262,352.23987,196.7806,392.48914
16,0,914.9375,687.661,951.7371,726.95245
11,0,699.6495,78.02416,748.3863,121.93586
13,0,0.0,703.35065,16.229053,739.51697
77,0,977.45447,503.08725,1017.43164,542.55646
78,0,419.44247,658.00415,461.9502,707.38055
80,0,362.85162,603.1399,397.74338,644.27893
61,0,195.92387,342.40656,239.26598,387.31815
79,0,695.4187,77.42375,763.21826,130.61327
73,0,125.74051,647.46844,161.76382,686.0765
8,0,1057.2054,436.66956,1100.5614,493.1755
21,0,370.85287,32.97317,404.14935,67.71388
76,0,298.63385,391.4301,336.8331,431.75165
78,0,422.96118,666.4649,470.58774,711.3354
38,0,123.18376,641.40186,153.47707,676.4996
15,0,160.43175,351.58142,193.78815,387.17865
31,0,1306.5093,469.5396,1342.6506,508.76862
1,0,649.8785,696.26556,695.78595,748.8171
42,0,929.578,299.05304,974.95154,343.8361
33,0,523.32587,288.97375,575.4852,336.02103
66,0,197.13258,350.9758,228.53825,388.2034
12,0,857.84546,504.64246,899.9003,545.0537
11,0,695.5073,78.18007,748.2221,123.36684
70,0,866.53186,155.30638,901.213,194.87717
74,0,155.59256,349.00256,195.74887,391.3048
37,0,1056.6458,460.44217,1106.5967,506.76123
57,0,43.229538,439.87,84.55562,488.94147
13,0,0.0,703.8232,15.993726,739.5056
16,0,915.1702,688.447,952.83185,727.0498
3,0,1297.7999,466.71844,1341.5677,510.87305
77,0,974.5244,503.01807,1017.29346,545.1731
79,0,693.384,78.32489,763.77625,128.91228
21,0,372.10693,28.366821,404.22882,61.780407
38,0,112.280525,639.3754,150.8155,676.7049
15,0,149.93367,349.557,184.90051,385.1463
1,0,643.4299,702.04083,689.5934,751.3784
70,0,879.9815,149.4684,922.4229,192.17242
6,0,429.81253,639.10785,469.98938,678.80896
5,0,940.16693,302.69092,985.83344,344.96307
31,0,1314.3146,478.4823,1344.0,509.05002
33,0,525.4692,300.67407,560.5075,339.68146
12,0,857.7894,505.19916,899.9245,544.6831
11,0,698.9198,83.37638,741.6232,126.952515
35,0,31.413336,431.7683,74.921074,474.63336
13,0,0.0,703.8791,16.020452,739.0863
16,0,914.8836,687.8375,952.53827,727.2561
66,0,195.83925,360.83362,229.07626,401.37726
83,0,293.2371,359.35684,326.16394,392.47766
15,0,143.71375,345.91623,175.12581,378.25858
48,0,209.04897,387.50375,244.87369,426.74673
1,0,643.24493,706.3443,687.2665,754.05725
31,0,1315.1873,480.28162,1344.0,513.61255
35,0,36.720333,422.27896,73.60564,461.38187
33,0,518.2687,290.79065,557.10736,328.1132
38,0,108.371284,634.6433,146.94128,673.0825
70,0,895.54706,143.13387,938.6606,186.2567
11,0,694.4054,92.07122,734.35,132.20251
5,0,951.4599,292.96216,991.51117,338.93195
12,0,857.9181,505.10062,900.0579,544.97534
74,0,139.27534,344.2923,177.33162,383.211
13,0,0.0,703.7081,16.070868,739.1687
37,0,1057.723,477.4717,1109.3663,524.4365
3,0,1309.7834,477.66223,1344.0,521.57526
16,0,914.8109,687.4496,953.1218,727.83215
15,0,131.22888,342.2764,168.84152,376.309
70,0,914.9309,152.82848,951.6714,193.13203
1,0,640.4983,717.4231,686.172,764.88666
90,0,523.61566,277.59637,557.4384,316.83295
38,0,106.92049,629.37585,140.65308,662.927
31,0,1313.4882,481.3245,1344.0,515.6304
35,0,37.89694,415.07547,67.06819,451.7319
12,0,857.2319,504.9291,900.2021,545.3223
11,0,682.91846,87.28127,727.6058,129.2236
42,0,927.5632,278.80472,972.0918,322.7483
48,0,227.12526,390.9704,262.96588,429.58945
33,0,521.13873,274.92517,562.1964,323.62955
13,0,0.0,703.8805,15.76311,739.0458
16,0,912.8328,687.326,953.3043,727.949
77,0,967.0744,504.41705,1011.77716,545.9237
15,0,131.08546,342.278,169.05754,376.16428
70,0,914.90686,152.63971,951.6888,193.18532
38,0,106.81433,629.41077,140.57721,663.05817
1,0,639.9349,717.5732,686.1428,765.9637
90,0,523.50525,277.63898,557.6684,316.99182
31,0,1313.2933,480.95374,1344.0,515.78845
35,0,37.780933,415.02432,67.33133,452.02682
12,0,857.19293,504.91016,900.30396,545.3051
92,0,272.5271,351.63483,305.73822,388.68436
11,0,682.7304,87.5312,727.9204,129.72581
42,0,927.974,278.81076,971.92224,322.57794
93,0,388.12482,633.99335,428.6275,670.23016
48,0,227.00975,390.95972,262.11734,429.65552
33,0,521.0836,274.95892,562.331,323.7938
13,0,0.0,703.89294,15.783017,739.0127
16,0,911.74414,687.6055,953.3654,728.3915
77,0,966.57745,504.5183,1011.2304,546.1049
94,0,914.44165,153.74655,955.38446,203.93404
96,0,105.98142,627.7416,142.74207,672.8664
98,0,920.1231,155.54745,961.0305,214.02734
74,0,129.94281,340.66153,171.85402,388.83594
15,0,129.53781,334.23645,169.06012,375.51828
31,0,1321.074,488.99216,1344.0,519.9801
90,0,521.8714,269.20105,556.9082,313.86743
38,0,100.50375,626.01605,136.39021,665.54645
1,0,639.5174,718.32007,686.1391,770.4627
93,0,378.10483,628.86884,416.6372,664.9549
94,0,899.95636,170.96085,937.3436,212.11816
11,0,681.2092,86.532364,724.1832,130.06116
42,0,925.93335,261.43704,965.51056,302.07886
18,0,253.04317,367.37454,294.5233,411.45062
12,0,857.83075,505.38846,899.7408,544.8906
8,0,1076.1787,440.21762,1112.0658,477.57413
92,0,259.50293,358.1573,298.07834,400.21838
3,0,1314.759,486.389,1343.9934,523.10645
13,0,0.0,703.94806,15.900876,739.1136
77,0,968.6874,506.7768,1007.8637,546.1668
16,0,914.96173,687.12463,953.9336,727.8344
37,0,1072.3313,478.86374,1118.1012,521.85126
38,0,102.15401,620.9944,135.58745,658.86285
31,0,1322.4119,490.73264,1344.0,521.7252
11,0,682.04663,92.76831,724.15607,138.06474
94,0,909.77216,188.21353,941.0163,228.59364
33,0,504.5038,257.51273,548.8914,304.6277
15,0,123.9669,330.875,162.84952,369.45267
80,0,357.25275,604.6828,399.16495,649.1168
42,0,922.4389,252.32785,965.37177,294.80325
1,0,636.3297,728.9111,683.72186,779.0388
9,0,60.59664,371.10263,98.47121,412.98303
54,0,250.0413,338.63824,293.6327,381.64417
12,0,857.8302,505.28586,899.50287,545.24603
92,0,259.32245,360.33234,296.49298,408.98175
3,0,1315.0437,486.5684,1344.0,524.9776
13,0,0.0,703.52814,16.205881,739.41425
18,0,252.94882,344.92868,296.96097,408.82608
102,0,1086.2809,453.98584,1133.8854,512.8416
37,0,1077.9395,472.99884,1126.3368,517.8373
104,0,1323.8818,105.83944,1344.0,132.93759
16,0,914.88525,687.79626,953.1654,727.91595
101,0,252.03369,365.72348,291.05078,407.42838
77,0,969.58075,505.9588,1010.4541,546.7251
9,0,43.717655,378.8959,81.8403,412.35864
11,0,682.11346,101.04864,719.3763,143.19081
15,0,125.66279,319.99045,160.53725,361.97375
38,0,86.93029,619.9193,138.41441,660.8389
31,0,1322.5784,493.69635,1344.0,522.71
80,0,348.05267,595.6597,396.42715,641.91595
33,0,505.66907,253.3743,548.8181,294.7688
98,0,919.70526,183.35573,953.7501,220.57088
42,0,945.49146,261.89294,986.04425,304.28467
1,0,627.1776,730.34314,678.9553,780.65985
18,0,229.3197,356.96674,277.06247,408.71472
60,0,230.49341,357.6418,272.9768,396.5795
12,0,857.1105,504.2622,899.86566,545.3018
92,0,231.63368,358.1342,296.24576,416.62222
13,0,0.0,703.2473,16.392088,739.5382
3,0,1315.8113,491.27136,1344.0,526.0159
16,0,916.2117,687.82855,954.52,727.64935
104,0,1323.8969,105.56096,1344.0,132.89459
77,0,970.3903,508.65176,1009.2305,547.7858
37,0,1079.4059,471.6081,1126.1381,517.08966
101,0,259.4834,366.16174,303.1103,419.57327
33,0,495.79794,259.5943,540.19366,303.30887
15,0,112.733986,324.38287,154.9896,361.30478
70,0,936.3019,182.1862,972.7347,220.1568
31,0,1324.2198,493.78894,1344.0,524.1674
38,0,90.00672,624.0172,134.10197,667.63324
92,0,253.69516,365.12268,284.3843,408.07065
12,0,858.2209,505.20215,899.7419,544.64813
1,0,626.6727,738.61847,674.44617,784.7295
5,0,967.5642,250.81213,1012.97284,296.32544
11,0,672.0055,98.32771,715.29596,143.37976
60,0,226.83145,347.3674,263.89355,387.64743
18,0,225.80296,347.24915,272.8586,395.25922
13,0,0.0,703.57135,16.047981,739.419
80,0,332.53305,600.41675,389.09872,647.43256
104,0,1324.2576,105.673485,1344.0,133.19775
3,0,1315.3354,491.5598,1344.0,528.2725
37,0,1085.0353,471.54593,1129.4296,515.43134
16,0,915.4066,685.4263,957.4862,729.87244
77,0,970.1989,507.3851,1008.60724,547.15155
33,0,496.4169,259.68246,539.9468,302.4701
15,0,112.85027,324.46182,154.93243,361.10358
70,0,936.56116,181.90224,973.0696,220.35855
31,0,1324.2379,493.7664,1344.0,524.12933
38,0,90.99191,624.19354,134.07213,667.66705
92,0,253.23805,365.07144,284.26956,407.41943
80,0,332.835,602.59973,376.51163,644.7351
12,0,858.31384,505.29947,899.7314,544.63934
1,0,626.6055,738.6791,674.3336,784.97534
5,0,967.48975,250.66916,1012.8838,296.3976
11,0,671.57446,98.23589,715.7935,143.45683
60,0,226.8817,347.35873,263.73282,385.94766
18,0,225.74852,347.2425,271.79337,393.95038
13,0,0.0,703.6224,16.017172,739.38904
112,0,333.08,600.4555,389.13635,647.2131
37,0,1086.2739,472.13956,1131.2926,515.09216
3,0,1315.3147,491.37036,1344.0,528.2197
104,0,1324.1392,105.817055,1344.0,133.3893
113,0,622.3166,740.3286,675.37695,796.46594
77,0,969.9213,507.30072,1008.00946,546.9941
114,0,495.3885,253.54237,555.3072,305.13214
16,0,914.3636,684.9229,957.6479,730.1408
15,0,114.20105,316.80966,151.66933,355.996
35,0,46.43756,409.97684,78.1675,444.29718
31,0,1324.7325,496.6383,1344.0,529.9102
80,0,328.30008,602.2214,375.15717,646.96313
113,0,619.4046,749.8829,671.0068,799.1493
61,0,228.37605,319.47556,267.20074,362.2464
70,0,943.5053,192.99306,974.8428,225.36201
54,0,261.52667,348.58383,302.8283,389.5027
38,0,82.05342,621.2579,128.1064,661.2799
37,0,1084.5944,466.7328,1132.3378,511.31827
5,0,975.5147,248.24908,1017.2781,290.7199
12,0,858.5581,505.40054,899.46185,544.7126
33,0,480.566,264.0986,532.5496,312.7178
13,0,0.0,704.11224,15.723667,739.23315
11,0,665.6266,95.3291,712.41003,142.40565
112,0,327.3348,601.8416,391.0671,649.51996
104,0,1325.3765,106.46314,1344.0,132.90956
102,0,1073.0054,442.2155,1131.1029,510.5476
3,0,1315.1868,494.7326,1344.0,532.83075
16,0,916.26764,686.9896,955.01184,729.29443
77,0,969.5651,506.31912,1008.4692,545.97
35,0,44.348118,415.71454,74.45688,449.66754
112,0,348.7975,588.8849,393.28458,631.2794
15,0,99.17214,312.24847,137.11697,349.89352
33,0,481.9114,277.43793,519.5177,317.18707
38,0,78.01606,620.6838,122.285835,659.9701
31,0,1323.6008,497.11884,1344.0,531.38904
42,0,960.2692,235.45004,993.1989,269.5148
113,0,620.04266,756.69147,662.3172,803.5159
12,0,857.97815,504.50668,900.0679,545.392
83,0,292.44467,344.8493,324.60205,382.70685
116,0,934.29626,206.58391,967.3946,242.90125
37,0,1088.6993,465.57455,1137.775,512.22894
13,0,0.0,703.3289,15.963771,739.22235
56,0,1053.613,432.73386,1099.3168,476.13403
11,0,668.08594,98.557976,712.63324,143.16032
3,0,1315.1786,496.08728,1344.0,535.1388
104,0,1325.5615,105.79927,1344.0,133.48251
102,0,1055.9279,430.45468,1136.4813,511.7172
77,0,969.19073,504.9472,1008.3728,545.9687
115,0,37.965782,412.0388,76.8479,452.95316
16,0,918.49347,685.7837,953.5403,726.8046
15,0,95.51693,309.1226,132.30879,345.34668
38,0,78.403046,619.39014,120.81999,658.7845
112,0,349.595,582.4721,392.80893,629.7664
115,0,40.365532,418.96704,67.231735,454.6317
121,0,944.87756,217.2769,986.3995,262.46094
56,0,1037.0398,413.99466,1086.1707,463.34503
116,0,942.5427,217.07887,976.19147,261.41296
83,0,278.63995,336.03046,322.66202,376.86972
42,0,955.8631,226.2335,988.32654,269.8135
31,0,1326.0223,497.9762,1344.0,533.2745
37,0,1089.9954,465.9137,1137.3701,511.7374
33,0,477.2446,273.63882,517.6645,312.72525
12,0,858.82513,505.54947,899.4762,545.28503
13,0,0.0,703.6311,15.80937,738.5818
113,0,615.7594,757.14996,663.3036,805.2895
119,0,209.49588,303.53876,245.72281,344.95786
122,0,88.3448,305.71338,132.79295,350.2807
11,0,670.3674,101.52744,711.7567,144.4162
104,0,1325.5875,106.02576,1344.0,133.84938
3,0,1320.7487,498.15768,1344.0,536.7222
118,0,470.66754,272.923,520.5928,322.1599
16,0,918.71826,685.7457,952.97626,726.002
33,0,467.5628,250.65512,512.3925,294.18512
38,0,74.71738,613.5553,115.71758,650.5068
70,0,958.44666,201.2601,1007.963,245.96323
122,0,100.980515,302.48676,145.65579,344.17902
37,0,1091.5137,465.1278,1141.6772,511.54236
31,0,1322.4568,497.5688,1344.0,533.02014
11,0,673.70685,115.91281,712.5661,158.76956
113,0,606.67206,767.5712,652.354,811.6651
12,0,858.5886,505.19757,899.6983,544.7323
13,0,0.0,703.439,15.8342,738.39307
3,0,1315.2626,496.53317,1344.0,535.5455
104,0,1325.9707,105.67118,1344.0,134.35469
54,0,263.65588,345.7369,304.59973,389.08926
16,0,919.27814,685.80634,953.8671,726.017
33,0,465.42697,238.41599,507.36145,284.4217
122,0,100.39259,300.98358,139.6008,342.5979
70,0,974.24384,200.04335,1023.4039,250.1153
37,0,1099.2375,464.51407,1143.1914,509.8528
38,0,69.70887,618.02344,113.010284,659.8346
113,0,601.2417,767.9336,650.5023,815.8129
5,0,986.5968,204.86574,1022.55646,251.49867
12,0,861.6352,506.82916,897.03345,542.7501
13,0,0.0,703.07184,16.190065,738.8831
11,0,661.3245,115.38497,707.6483,164.21674
104,0,1326.919,105.5976,1344.0,133.61528
31,0,1320.7549,503.07584,1344.0,540.8911
54,0,263.69745,353.42877,304.7887,394.7477
129,0,1013.96375,389.1106,1062.6542,440.5104
77,0,970.12524,506.76764,1006.0329,545.07043
16,0,919.67395,685.4223,953.3974,724.4415
3,0,1314.0065,500.1086,1344.0,546.2609
112,0,352.37112,549.3671,391.5864,590.83545
122,0,100.73959,300.98764,139.43314,342.36227
33,0,465.4828,238.42067,507.33383,284.52225
70,0,974.9835,200.11798,1023.38837,250.05803
129,0,1015.9281,388.08606,1057.8895,431.5356
37,0,1098.4939,464.38626,1143.5311,510.19162
133,0,0.0,437.94894,23.017338,471.11084
42,0,966.6683,198.05147,1016.2296,248.85326
38,0,69.7369,617.9498,112.93045,659.7281
134,0,188.7618,290.58908,226.50975,326.8437
31,0,1327.2997,503.01764,1344.0,538.1755
113,0,601.27185,768.10944,650.3586,815.7378
12,0,861.5575,506.83362,897.06384,542.8692
5,0,987.0869,205.02724,1022.5958,251.42827
13,0,0.0,703.0469,16.206089,738.80273
135,0,0.0,435.03595,32.504646,474.18542
11,0,661.3445,115.09572,707.7187,164.18475
104,0,1326.8967,105.56994,1344.0,133.59271
136,0,1109.236,786.755,1145.5487,818.0
3,0,1320.7803,503.08276,1344.0,540.6305
54,0,263.72134,353.35773,304.7839,394.69162
138,0,1014.28894,389.1301,1063.5396,440.57547
77,0,970.13855,506.77002,1006.09827,545.0643
16,0,919.77246,685.4135,953.2261,724.04895
70,0,993.4206,214.00334,1043.284,257.06747
38,0,66.326836,617.6624,111.30142,660.0577
31,0,1322.9586,503.92505,1344.0,542.78186
133,0,0.0,453.20325,21.46911,485.96664
33,0,464.60114,243.6194,503.4146,282.46634
129,0,1010.5399,379.908,1057.6157,424.0379
112,0,350.2008,528.5862,396.26483,576.4081
12,0,858.97327,505.74728,899.18384,544.1832
134,0,173.92021,282.11514,214.65924,322.00476
13,0,0.0,703.58185,15.646647,738.64307
54,0,270.6187,358.9836,303.8156,394.67758
122,0,103.55519,299.36572,140.09615,339.01077
113,0,598.6662,778.25385,643.16486,818.0
136,0,1113.9264,787.0674,1144.7717,818.0
3,0,1314.7338,500.41458,1344.0,546.583
104,0,1326.983,105.563324,1344.0,132.8803
11,0,658.14514,114.3025,704.09595,162.57828
37,0,1098.6104,458.0804,1155.8308,508.9558
77,0,969.8712,505.40848,1008.56354,545.68353
122,0,90.84206,294.97037,130.29317,336.34262
133,0,0.0,456.50638,31.245436,497.39017
38,0,61.630905,615.0467,113.290726,658.0151
12,0,859.6514,506.6415,899.15515,543.67694
129,0,1003.02765,387.29117,1044.6761,426.62656
31,0,1322.2806,505.64636,1344.0,545.20386
70,0,1005.6644,202.63272,1054.176,254.60342
37,0,1104.1082,459.88425,1155.4266,507.7246
33,0,459.05084,253.45166,500.97662,296.5447
13,0,0.0,703.05176,16.254467,738.9189
136,0,1119.6737,782.61774,1152.0837,817.4545
54,0,279.4948,357.01086,320.50012,394.52087
11,0,662.0252,119.65826,705.2652,163.66396
3,0,1314.4446,504.28195,1344.0,548.4351
15,0,81.4085,293.21967,132.70618,342.94388
113,0,597.0211,789.4655,631.04974,818.0
5,0,998.4085,191.76987,1049.9762,248.71162
104,0,1327.1569,105.0456,1344.0,133.0005
142,0,62.347572,323.61154,94.32169,354.10883
122,0,96.4547,286.00797,133.82976,324.04944
70,0,1012.1043,190.82831,1052.8602,232.34644
129,0,995.437,385.7723,1039.4948,425.66693
33,0,458.39212,261.49597,493.17624,300.7849
12,0,862.5647,508.81027,896.71356,542.4874
38,0,53.70205,615.08734,102.23445,658.6682
5,0,1007.1188,193.19193,1048.9929,237.74246
136,0,1119.9233,773.054,1150.8876,804.7496
11,0,668.99817,124.262215,709.99835,166.66292
144,0,200.79514,257.61932,237.13393,305.19653
13,0,0.0,702.8665,16.395008,739.2055
37,0,1103.6045,461.32,1153.176,507.46124
54,0,277.39365,357.38864,318.9962,395.41782
104,0,1327.0748,104.776,1344.0,132.49821
3,0,1314.5336,504.55212,1344.0,552.312
31,0,1323.7764,497.3204,1343.9346,549.97986
5,0,1002.98364,185.50427,1049.8264,238.15872
122,0,88.848045,283.266,122.42433,317.38446
38,0,48.667713,614.29553,85.24269,648.52484
33,0,458.2454,264.48727,493.88565,307.16953
133,0,0.0,469.78146,18.700382,503.72562
144,0,198.6806,244.57245,238.30612,283.96063
136,0,1124.2854,769.50195,1155.4032,803.42413
54,0,268.47144,353.32187,309.88672,393.85275
12,0,862.9474,508.5324,897.60034,542.52203
31,0,1321.4913,507.02533,1344.0,550.50806
15,0,84.93052,281.2613,127.65215,323.14703
13,0,0.0,703.2872,16.05394,739.06335
37,0,1102.3335,460.6221,1153.6812,508.09308
148,0,335.39835,566.9251,375.60632,610.7433
138,0,1019.1142,375.49338,1067.1436,422.9445
11,0,665.92786,127.897896,707.80994,175.61714
3,0,1314.139,504.65924,1344.0,553.50385
104,0,1326.8029,104.689545,1344.0,132.81601
16,0,920.383,685.3025,954.06696,721.489
5,0,1003.21686,185.47891,1048.9934,237.6221
122,0,89.24647,283.30148,122.122604,317.02652
38,0,48.247574,614.1173,85.223145,648.7727
33,0,458.74527,265.09103,493.81732,307.09268
133,0,0.0,469.63232,18.600317,503.75424
144,0,198.68625,244.58655,238.38245,283.78043
136,0,1124.2244,769.4985,1155.5603,803.7955
54,0,268.56955,353.54456,310.19934,393.76266
12,0,862.88934,508.50903,897.63214,542.59784
31,0,1321.0576,506.7092,1344.0,550.6478
15,0,85.12648,281.26974,127.602135,322.81848
13,0,0.0,703.2761,16.036942,738.9334
37,0,1102.4622,460.44568,1153.8445,507.97662
148,0,335.20126,566.56805,375.7674,611.10944
138,0,1018.9319,375.3474,1067.1793,423.30777
151,0,45.97808,612.6487,88.12497,657.27344
3,0,1314.0414,504.55005,1344.0,553.5055
11,0,666.0085,127.948524,707.817,175.74864
104,0,1326.3771,104.49135,1344.0,132.82622
150,0,1118.6455,768.2,1152.531,807.8598
16,0,920.4357,685.30853,954.1257,720.85034
122,0,94.56588,277.29303,125.55475,310.79724
83,0,262.24832,327.74197,293.42288,363.88873
135,0,6.2304654,452.2284,42.344097,490.15015
136,0,1130.4744,765.9158,1159.3701,798.4396
38,0,44.06087,612.49927,82.69195,645.66394
33,0,435.7701,269.97894,478.81702,312.3482
148,0,343.06937,580.7765,375.34662,619.0133
12,0,862.40784,507.4173,898.00195,542.37915
31,0,1326.5387,515.31903,1344.0,550.88544
13,0,0.0,703.38947,15.555428,739.1487
11,0,658.22485,130.9619,700.8691,176.08311
37,0,1102.6783,461.926,1151.2152,507.397
42,0,987.44745,174.3478,1025.623,215.67453
15,0,89.75678,273.98853,127.23423,314.4075
5,0,995.2256,175.8522,1039.5872,251.65857
3,0,1319.8267,510.5062,1344.0,550.2801
104,0,1325.9331,104.92535,1344.0,132.94328
16,0,920.0811,685.9628,955.78906,722.2604
122,0,94.368614,279.40182,125.817345,311.8499
31,0,1319.4678,506.48727,1344.0,548.0874
115,0,22.5373,451.71002,59.71966,491.60245
61,0,270.2199,308.1083,310.4506,354.30817
136,0,1130.1329,760.7193,1166.1908,797.5632
33,0,421.8162,268.33124,466.15344,308.29236
153,0,167.82243,226.78775,207.70415,264.06345
12,0,863.31604,507.93896,897.62,541.7138
102,0,1063.5419,405.0016,1107.1077,444.31238
156,0,0.0,765.5338,27.955193,801.7772
93,0,327.9867,603.3499,360.18152,641.3481
11,0,656.94916,133.83113,698.49426,179.11119
42,0,998.97614,178.65714,1036.8569,218.07686
37,0,1100.9908,460.31244,1147.1934,505.05164
13,0,0.0,703.2203,15.842397,738.7492
38,0,39.30519,603.69055,85.5636,644.84015
80,0,321.89926,601.0384,363.67047,643.14374
15,0,93.68106,277.95575,128.63986,320.31528
3,0,1311.7019,506.94803,1344.0,557.30597
104,0,1326.3715,103.00113,1344.0,133.48631
16,0,919.85645,682.9631,955.5618,719.7223
15,0,87.84733,272.23978,118.60334,308.06772
153,0,160.40186,233.01097,191.9677,265.06308
115,0,27.84082,463.97812,65.90988,501.59375
61,0,295.3265,321.00052,330.03766,357.0753
70,0,1055.8849,235.02863,1094.862,274.84705
80,0,311.1464,606.21063,345.5807,644.8563
33,0,417.02606,267.5294,464.7833,309.55518
12,0,862.0374,506.9141,898.1742,542.02686
136,0,1131.5083,760.3005,1171.1157,797.4878
13,0,0.0,703.3582,16.098932,739.5904
37,0,1098.9259,457.58295,1147.875,504.32147
93,0,304.34152,602.095,346.37012,647.528
11,0,659.4129,131.35687,707.5015,181.03596
102,0,1078.8077,397.96384,1125.9952,440.89166
38,0,38.733376,597.61523,78.52484,640.36017
31,0,1320.817,511.10965,1344.0,550.92584
16,0,919.51215,682.97485,956.41516,720.6913
104,0,1327.2904,101.71434,1344.0,132.2695
5,0,1007.6782,173.45628,1059.1202,222.71733
3,0,1313.4084,511.92816,1344.0,559.8513
80,0,318.8665,622.2679,355.6229,661.15735
15,0,82.899574,263.18417,119.672676,300.17822
153,0,148.55125,218.95709,190.55779,261.98428
33,0,430.552,278.6108,465.46454,322.18747
12,0,862.14594,506.49573,898.2606,542.29553
61,0,306.76462,305.27338,344.46323,341.19678
136,0,1133.7059,755.77026,1173.4208,794.58514
11,0,665.45514,130.21967,713.6766,177.28842
31,0,1325.4662,521.03937,1344.0,562.6675
13,0,0.0,703.1526,15.919884,739.0305
38,0,33.559746,589.97473,81.71808,634.81146
102,0,1078.4081,379.13324,1127.9001,427.278
164,0,1130.7227,750.49146,1169.6066,790.8994
37,0,1092.9054,458.444,1146.8973,507.53738
3,0,1314.3103,516.9485,1344.0,569.9887
165,0,38.833305,496.31845,79.884186,532.89014
15,0,77.62889,260.45087,110.783035,293.9855
80,0,313.1846,629.09436,347.1311,664.7668
153,0,162.00494,217.01886,200.2188,255.82533
33,0,431.61996,281.22632,463.44925,322.92477
5,0,1031.3468,151.47731,1066.7074,189.60223
12,0,863.34375,507.15897,897.8684,542.1835
61,0,306.2189,305.6999,344.8903,343.1711
70,0,1067.8882,229.7079,1117.1602,275.30106
164,0,1133.2434,756.006,1172.4636,794.1216
13,0,0.0,702.3135,16.543852,738.97296
102,0,1084.3278,374.62515,1129.1332,420.55753
31,0,1326.9467,523.22375,1344.0,565.5406
38,0,30.232944,588.72455,80.82664,635.0369
37,0,1091.7971,461.85706,1142.25,507.98822
3,0,1314.1195,519.30176,1344.0,571.0286
167,0,1324.4453,525.1548,1343.9745,574.31104
169,0,358.8597,604.52795,396.56732,645.48883
11,0,664.5878,124.31915,716.5267,178.35791
15,0,73.13896,249.37216,109.49209,288.45493
61,0,292.67426,302.5238,329.19635,340.3557
12,0,864.13684,508.55817,898.157,541.7552
33,0,441.3265,285.21805,474.17462,324.0046
136,0,1134.0913,749.2842,1171.3899,787.6802
115,0,35.145023,461.58112,81.9275,514.1149
31,0,1320.7053,523.7632,1344.0,564.0565
13,0,0.0,702.3388,16.912964,739.674
3,0,1313.8224,523.9468,1344.0,569.4167
156,0,0.0,767.0689,31.495306,804.73566
38,0,27.658407,575.1905,77.71711,621.9525
37,0,1084.6484,460.77118,1136.2548,508.42108
11,0,666.9506,126.44809,719.1107,177.99643
15,0,73.14489,249.37256,109.11822,288.20206
61,0,292.92935,302.60046,328.67535,339.6942
12,0,864.0665,508.85596,898.0313,541.5918
33,0,441.31262,285.38974,474.0706,323.98636
175,0,1040.8264,169.63623,1083.1884,209.49675
136,0,1134.0017,749.5267,1170.9281,787.531
176,0,1094.9117,204.00826,1136.1536,242.9875
174,0,162.2644,186.44633,201.32852,228.13567
177,0,329.95724,630.8778,371.25894,677.9509
178,0,288.36847,300.76398,332.2871,346.0151
179,0,1111.3804,380.96643,1154.4924,422.28986
115,0,36.48321,461.8513,81.39472,512.93805
31,0,1320.9513,523.96643,1344.0,563.71454
13,0,0.0,702.1568,16.9013,739.29156
38,0,27.80036,575.4622,77.311005,621.9025
3,0,1314.0254,523.9518,1344.0,569.3668
156,0,0.0,767.54456,31.396822,804.93854
180,0,1091.826,205.25848,1137.0817,254.8201
37,0,1084.9683,460.79926,1136.1721,508.01297
11,0,667.08136,126.514114,719.0937,178.02907
15,0,74.87889,244.02066,108.38726,282.3472
33,0,438.6162,294.53467,473.09445,334.90833
177,0,330.5916,651.5523,372.56613,697.83887
136,0,1133.9917,744.65076,1169.7046,782.76544
12,0,864.09406,508.68088,898.19116,541.5447
153,0,139.52275,200.40073,183.62958,244.20772
178,0,288.6644,310.3719,325.57614,348.68875
135,0,26.3029,462.02087,66.18505,497.5727
175,0,1052.838,178.9959,1090.0371,216.34735
180,0,1096.6914,212.00809,1139.584,257.2418
38,0,27.572897,574.1669,73.795296,620.17834
31,0,1325.2153,528.6688,1344.0,564.7895
13,0,0.0,702.381,16.663195,739.5799
37,0,1084.3105,463.98502,1131.516,507.66074
61,0,284.90735,308.2985,332.967,355.39236
156,0,0.0,782.5704,28.351538,812.78894
3,0,1314.5619,527.0381,1344.0,570.89606
115,0,25.822725,459.53326,71.86451,512.21387
179,0,1112.6063,366.16354,1155.2172,408.31555
176,0,1090.9791,195.36981,1138.0825,256.19687
167,0,1322.6279,528.4233,1343.9285,576.08014
104,0,1327.7777,102.25188,1344.0,134.5647
70,0,1103.2549,237.64102,1139.9921,275.29004
153,0,128.53279,201.47063,165.07716,238.07329
15,0,81.07681,242.55165,110.6584,279.95328
37,0,1081.6068,467.721,1124.8711,507.808
33,0,437.78793,302.90945,476.00168,347.84192
38,0,27.174284,571.81976,67.557304,612.0107
177,0,351.12976,646.9064,389.2839,685.45337
12,0,863.78424,508.30975,898.0329,541.19226
31,0,1326.0895,530.0425,1344.0,566.3177
135,0,18.288342,461.88605,55.86371,494.20724
136,0,1131.0309,741.1132,1173.3226,785.0781
156,0,5.759859,771.8158,44.363747,809.4353
13,0,0.0,702.18195,16.634237,740.15656
179,0,1117.7837,358.1502,1156.124,397.34717
167,0,1322.8805,531.6095,1343.9812,577.3067
178,0,279.7913,317.6205,327.05923,361.63666
104,0,1325.2314,102.65403,1344.0,134.9033
3,0,1314.5117,527.3484,1344.0,573.7895
11,0,670.8072,127.12158,722.0518,177.27158
15,0,83.364494,235.94994,113.07117,275.20386
33,0,431.21844,305.19992,472.7332,348.3797
148,0,357.68802,621.8252,393.97647,661.6138
42,0,1041.9839,148.18652,1072.9862,181.50058
37,0,1078.9025,466.87552,1123.8943,507.90524
12,0,863.6505,507.6025,898.2644,541.40106
153,0,121.17264,190.79393,163.65971,235.21927
38,0,27.946949,567.7035,68.38679,608.2305
135,0,13.048632,448.3679,49.400337,484.12793
136,0,1133.6785,739.3553,1174.4631,784.0654
13,0,0.0,702.87164,15.895276,739.46234
167,0,1323.0078,535.4258,1344.0,577.88745
3,0,1314.1556,530.0575,1344.0,580.0248
169,0,354.8071,613.0559,397.29166,661.9731
16,0,921.8017,682.4291,958.2958,720.2979
15,0,82.86194,235.88303,112.89337,274.41055
33,0,431.3358,305.3582,472.7758,348.2405
148,0,358.16193,621.2787,394.14523,661.38965
37,0,1078.7802,466.88168,1123.741,507.81866
42,0,1042.2345,148.37546,1072.8822,181.41751
12,0,863.40155,507.40298,898.2125,541.48645
38,0,28.386978,568.3751,66.65128,606.2515
70,0,1135.0619,247.10817,1169.3148,283.62527
153,0,122.45211,191.21727,163.61475,234.5755
135,0,12.862099,448.39383,49.189518,484.07452
190,0,23.646135,751.15936,60.525757,791.42773
136,0,1133.877,739.3704,1174.3806,783.67194
13,0,0.0,703.0161,15.810828,739.3875
167,0,1323.0205,535.57855,1344.0,577.84155
169,0,355.09167,612.6773,397.4544,661.68823
191,0,1114.1399,369.42053,1160.404,419.00073
192,0,1129.2106,245.54625,1170.5431,289.05383
3,0,1314.1567,530.5372,1344.0,580.0535
193,0,10.78094,447.04254,53.986523,490.4322
194,0,71.44476,231.55048,114.44748,279.13464
16,0,921.7218,682.2225,958.43054,720.3465
11,0,667.359,128.34851,718.1152,178.97041
5,0,1052.2754,127.56384,1085.0115,162.60455
15,0,78.41532,231.83788,108.80495,265.94183
180,0,1127.2062,216.37625,1168.8223,258.23257
12,0,863.3864,507.0259,898.3989,541.61707
33,0,420.86444,302.71228,461.42352,340.88348
148,0,378.14124,629.2523,412.78073,663.6847
38,0,26.674519,565.5038,60.99982,600.9887
37,0,1074.9506,467.9528,1120.1569,507.44986
31,0,1320.2786,535.7133,1344.0,572.8505
136,0,1133.4557,739.48785,1175.0061,785.17773
3,0,1314.6571,531.9432,1344.0,574.3438
13,0,0.0,702.7537,16.347963,739.37354
11,0,675.7362,128.19911,723.39764,175.53767
190,0,25.4333,740.9215,74.04022,785.3299
16,0,922.17474,682.2149,958.92755,720.5017
169,0,362.15164,611.27594,407.44513,661.3418
38,0,25.311205,559.5941,61.860466,597.4736
15,0,78.111176,227.56381,107.8213,261.78033
12,0,863.25507,508.14963,897.71436,541.6476
37,0,1067.2825,466.9169,1115.5986,508.70386
148,0,377.5986,633.2717,415.33426,679.51196
136,0,1134.3788,736.621,1173.88,781.323
198,0,129.5448,157.15065,170.52437,198.74384
178,0,280.29318,328.22348,319.1262,365.97913
33,0,410.19757,302.86288,457.1188,347.13324
31,0,1319.973,534.0493,1343.9933,573.27026
169,0,367.75143,628.4991,415.91537,681.94855
13,0,0.0,702.88495,16.499748,738.1357
3,0,1313.7478,530.3161,1344.0,575.3018
180,0,1144.4238,206.18903,1186.7373,255.00423
11,0,671.7944,128.30235,723.59174,176.82774
16,0,922.83154,681.99304,959.34,720.1681
199,0,23.827625,557.2795,64.41353,607.7448
15,0,76.122734,217.72047,106.325775,251.56676
205,0,6.7883058,393.20248,42.338783,426.5983
12,0,863.26324,507.7716,897.84735,541.42035
37,0,1061.7592,468.463,1107.2965,508.87802
83,0,245.50908,322.75058,285.6833,359.00397
38,0,22.916496,554.65656,61.771763,595.8184
31,0,1320.771,536.6652,1344.0,573.84125
180,0,1144.0067,212.1907,1189.3546,257.56445
33,0,401.1567,301.8337,442.34818,341.2648
169,0,355.07367,645.558,392.07666,682.8271
206,0,1150.8888,397.27356,1187.4822,439.25867
204,0,1078.154,115.61508,1121.2848,158.05135
153,0,109.63933,162.67537,156.13698,208.69086
136,0,1132.8549,736.5827,1176.5032,785.4491
13,0,0.0,702.23785,16.719866,738.96783
3,0,1314.7645,534.01447,1344.0,576.6361
194,0,71.09702,214.89062,109.27354,256.90152
11,0,676.9371,128.05391,724.6811,176.11916
16,0,923.50037,683.1582,960.3788,722.4705
205,0,3.0882602,397.8495,39.383812,434.64783
153,0,97.26595,156.57227,134.42842,191.19237
38,0,17.788324,550.39435,53.04689,591.3796
12,0,863.01306,507.2966,898.1101,541.9792
15,0,78.71632,212.81645,107.26042,249.07352
180,0,1160.0823,234.61404,1194.1637,271.73056
169,0,343.64874,644.5611,379.4188,682.32544
33,0,405.8332,313.9023,439.73618,353.91702
37,0,1056.8014,466.6146,1101.9818,508.79782
31,0,1321.4244,538.00323,1344.0,578.7966
136,0,1132.1553,736.5469,1173.5487,785.1881
204,0,1085.6355,114.50232,1134.9127,162.76416
206,0,1134.6453,412.6389,1172.9326,456.63892
209,0,62.857388,761.8672,104.58836,805.2383
11,0,677.0102,130.5218,725.1512,175.68674
13,0,0.0,702.09595,17.052626,738.62317
3,0,1313.8441,534.4506,1344.0,582.0585
210,0,338.2233,642.3984,380.83954,690.42224
211,0,1237.3672,0.0,1276.1154,30.310297
16,0,923.3602,682.62897,960.06744,720.57715
194,0,71.45054,211.00923,109.34139,252.96373
205,0,2.990784,397.8072,39.216957,434.7715
153,0,96.97,156.50845,134.30565,191.24394
38,0,17.72224,550.72406,52.974674,591.27625
12,0,862.7673,507.1748,898.1861,541.96454
83,0,238.67036,297.61578,271.90512,339.17914
15,0,78.73975,213.08253,107.427155,249.24535
169,0,343.55994,644.662,379.48904,682.4804
180,0,1159.907,234.80647,1194.4795,272.32324
33,0,405.80164,314.1079,439.6037,353.71744
37,0,1056.5951,466.7513,1102.3875,509.05496
31,0,1320.9309,538.05945,1344.0,579.26263
136,0,1132.1268,736.29694,1174.1863,785.76154
204,0,1085.9921,114.67531,1134.9095,162.37578
206,0,1135.1366,412.49878,1173.0264,456.41522
209,0,63.26913,762.14844,104.49052,805.0723
11,0,676.2675,130.49808,725.02844,175.7684
214,0,1.8173206,394.59814,46.435577,437.8895
13,0,0.0,702.23505,17.01864,738.5882
3,0,1313.6989,534.91394,1344.0,582.50104
210,0,337.8229,642.4822,380.73947,690.3856
211,0,1237.1573,0.0,1276.358,30.66682
16,0,923.1171,682.79706,959.87604,720.7204
215,0,212.2651,271.07065,244.46892,298.03946
194,0,72.30919,211.50317,108.64379,252.34366
198,0,130.19307,146.10509,164.2694,180.91716
12,0,862.6636,506.9451,898.3568,542.3895
38,0,21.969746,540.39044,60.456123,579.5204
204,0,1101.9263,111.17615,1138.2507,150.333
194,0,69.87266,199.11098,100.89368,235.31606
31,0,1322.6459,543.71155,1344.0,580.1355
180,0,1175.2278,220.2759,1218.536,271.03656
37,0,1051.1542,465.9152,1099.7262,511.97714
13,0,0.0,702.60693,17.649467,739.52686
11,0,682.9322,131.38185,723.9891,175.56952
136,0,1131.9655,734.761,1175.756,786.0904
3,0,1314.3218,541.1786,1344.0,583.31494
205,0,2.4977353,416.2355,39.734856,460.50882
33,0,405.51602,318.40543,453.4581,370.6189
211,0,1240.9728,0.0,1287.4779,39.79078
215,0,213.53644,265.13953,247.46481,302.87518
16,0,921.81525,682.46216,960.4386,722.81
198,0,130.1692,146.03777,164.24431,180.90527
12,0,862.9218,507.04663,898.27704,542.2499
205,0,8.713613,419.86942,38.01693,457.32205
38,0,21.456467,539.96985,60.748535,579.75934
33,0,414.9307,322.52957,453.82263,367.7685
217,0,255.04204,271.85413,290.6265,313.47266
218,0,1167.3981,438.66208,1203.3809,475.79904
204,0,1101.9869,111.22915,1138.1904,150.4884
194,0,69.6697,198.92331,100.96957,235.20166
219,0,330.82703,681.20325,372.87802,726.5711
31,0,1322.4662,543.6119,1344.0,580.18207
180,0,1174.6915,220.03033,1218.6255,271.01025
37,0,1051.0493,465.7791,1100.2662,512.33484
13,0,0.0,702.74384,17.71037,739.5789
11,0,676.66315,130.10187,724.003,175.99104
220,0,65.94037,789.5799,99.05013,818.0
221,0,2.6003866,417.07288,39.43549,460.30167
3,0,1314.3508,541.3569,1344.0,583.5076
211,0,1250.4845,0.54505116,1285.7502,37.6449
136,0,1131.7582,734.7968,1175.6362,786.0435
112,0,405.6974,318.63712,453.08383,370.73502
224,0,1240.972,0.0,1287.4078,39.628796
16,0,921.51544,682.511,960.08856,722.26746
225,0,122.92206,143.78374,165.56296,184.96071
215,0,213.3335,265.11884,247.1787,302.56256
38,0,22.357807,537.18036,59.567726,577.42615
219,0,315.03564,686.7389,351.32474,727.7494
135,0,18.808565,431.8794,52.14111,470.7836
37,0,1051.7535,469.56943,1096.1117,513.56726
33,0,415.68533,333.34726,452.31857,374.94946
5,0,1085.919,85.786064,1119.4121,126.755356
217,0,254.69592,262.6446,294.07568,307.72018
194,0,69.88428,190.8474,100.65353,225.24893
12,0,862.7848,507.24585,897.93207,542.13385
31,0,1321.9376,546.7713,1344.0,586.8221
13,0,0.0,702.40265,17.002361,738.8949
136,0,1129.2665,730.1936,1175.1569,784.77563
3,0,1314.1023,544.5542,1344.0,589.9941
11,0,677.04663,127.14113,727.0589,176.92064
112,0,406.92932,330.20557,450.53394,378.83383
16,0,922.93994,683.28925,959.9337,722.7014
224,0,1256.8628,0.0,1288.0039,31.500486
215,0,214.10895,263.82602,246.76874,302.54694
5,0,1069.8582,76.979576,1111.2625,118.99954
193,0,20.786806,450.3836,49.434425,488.04556
31,0,1318.2023,548.4252,1344.0,587.0132
15,0,74.12098,184.71054,107.041695,223.89995
219,0,308.15482,703.8747,348.51605,744.1044
33,0,413.01477,346.079,446.7069,384.77277
38,0,19.59501,531.0075,55.32842,573.3662
37,0,1051.9713,471.7456,1094.0851,513.4861
12,0,862.5753,507.6175,897.8916,542.37286
180,0,1199.6766,220.73804,1238.3392,267.0261
209,0,83.486435,766.6081,119.96626,802.717
211,0,1258.537,1.2983367,1303.3137,41.62461
136,0,1133.7847,732.01746,1175.0325,781.8173
13,0,0.0,702.85486,16.951157,739.36444
11,0,695.0029,130.25313,738.57104,173.97833
3,0,1312.2438,545.4186,1344.0,591.4409
217,0,247.07132,256.65372,287.5033,299.54492
16,0,923.556,683.5218,959.90497,722.89624
180,0,1214.2759,240.74806,1249.6208,278.27954
194,0,74.98593,179.29375,102.30359,213.6894
5,0,1086.6003,75.15927,1128.3987,111.7089
31,0,1317.5187,552.20953,1344.0,587.6695
12,0,863.495,507.9213,897.0009,541.51825
11,0,702.06647,144.01227,746.8448,193.08945
33,0,395.1017,350.9127,434.83545,394.04556
38,0,20.752707,525.40015,59.491493,565.34143
209,0,93.40361,752.8755,136.31056,795.2041
211,0,1270.3337,2.4453964,1309.2621,40.174282
37,0,1048.8237,474.1129,1088.626,514.08636
13,0,0.0,703.14056,17.13759,739.8511
15,0,70.13984,176.40355,104.411934,220.57315
217,0,261.85754,257.23376,306.3568,297.42358
77,0,973.2678,508.79202,1006.13,542.2451
136,0,1132.7307,732.0783,1174.7482,783.1379
16,0,923.3201,682.51624,960.6911,722.80743
180,0,1214.067,240.66943,1249.7137,278.35266
194,0,75.00878,179.30951,102.306244,213.73135
5,0,1086.6483,75.1237,1128.4034,111.69186
31,0,1317.4585,552.20575,1344.0,587.69147
236,0,108.31739,99.58214,137.26349,135.48552
237,0,9.797247,473.5064,41.76498,506.26096
33,0,395.03156,351.05078,434.82703,394.20724
12,0,863.4532,507.96994,896.95886,541.39966
11,0,701.89624,143.89755,746.7525,193.19516
38,0,20.695803,525.4398,59.481346,565.374
238,0,1201.6647,393.34534,1236.8358,426.56952
209,0,93.42548,752.6673,136.46423,795.09314
239,0,345.2357,699.94855,389.207,744.65326
37,0,1048.7323,474.30844,1088.6504,514.1937
211,0,1270.2987,2.4331877,1309.1265,40.026524
240,0,102.66484,97.688965,141.25664,138.59096
241,0,1211.8445,239.65761,1252.5361,288.06503
13,0,0.0,703.08905,17.12636,739.9226
217,0,261.8285,257.2691,306.46747,297.6981
15,0,70.143074,176.43687,104.417816,220.61633
136,0,1133.1581,732.23987,1174.6495,782.6319
77,0,973.2427,508.66968,1006.07874,542.1274
242,0,1079.2994,72.274605,1127.0514,116.69962
16,0,923.1964,682.51624,960.5595,723.05646
194,0,78.06542,177.82799,108.2976,214.45255
38,0,19.153063,520.2795,58.691307,563.59375
31,0,1316.6368,554.5238,1344.0,589.83673
242,0,1103.2115,83.61608,1145.3684,124.66487
12,0,863.5178,506.81628,897.87555,541.7011
37,0,1035.6963,470.09045,1084.2374,511.6276
239,0,356.6671,718.6051,399.409,761.31494
11,0,700.34204,159.07504,743.8042,206.02765
33,0,379.59543,337.42352,428.97183,379.77618
180,0,1219.4388,235.92993,1262.6619,278.25555
238,0,1204.8688,388.18332,1248.289,432.84985
13,0,0.0,702.8704,17.056189,739.12054
136,0,1133.8138,732.0129,1175.1201,781.6333
237,0,0.8827431,482.69055,31.190203,529.206
77,0,972.79944,506.8141,1006.7789,542.0897
211,0,1275.2476,6.0521035,1320.5554,51.9107
209,0,94.80676,749.2942,142.74855,797.6762
16,0,922.10223,682.2094,960.80786,723.7768
15,0,71.842155,175.73952,109.81546,218.78445
243,0,129.46724,77.639915,158.50623,113.69851
194,0,72.95446,166.27927,101.96609,201.27164
12,0,862.8964,506.9063,898.21136,542.2013
242,0,1119.2668,83.83065,1162.2338,127.148605
33,0,371.7273,339.95084,420.67224,381.1977
3,0,1311.54,555.1176,1344.0,594.23627
239,0,357.70102,718.71906,405.14456,768.92786
38,0,18.024307,517.6686,49.81785,553.549
211,0,1286.8033,8.780612,1324.242,46.903446
115,0,14.98613,502.69415,52.24163,552.6858
180,0,1242.5763,227.4077,1283.0648,268.51215
136,0,1133.293,731.1731,1176.1718,782.00836
37,0,1028.695,463.57153,1079.9855,509.2301
237,0,10.110964,491.63385,48.30767,538.8541
209,0,114.44876,755.04456,156.24977,795.9038
13,0,0.0,702.95715,16.975208,739.0578
246,0,262.9917,279.63727,307.28915,323.79898
247,0,122.8498,74.81403,162.04129,116.89353
11,0,697.2469,155.23398,747.69073,206.38997
77,0,971.1355,506.02634,1007.62146,543.2302
245,0,1282.4696,6.1395683,1326.0061,52.996296
15,0,67.96798,163.40532,104.298096,203.92894
16,0,922.22424,681.443,961.44775,724.05145
243,0,143.36543,71.87033,174.46635,107.28345
180,0,1244.2871,231.85707,1286.6886,276.3753
194,0,77.028496,163.08751,108.497856,197.49397
12,0,862.3673,506.26877,898.3283,542.4029
218,0,1174.9127,420.19034,1213.9945,465.14795
33,0,370.9787,336.16492,413.02258,377.35876
211,0,1291.078,18.33637,1327.9443,57.39845
239,0,344.24405,717.50024,382.47952,759.31055
242,0,1130.2625,76.32822,1166.7532,114.07725
193,0,19.036104,456.57245,54.661747,502.05878
3,0,1307.9761,555.7188,1344.0,600.11926
38,0,25.269762,513.6875,62.820885,556.16595
136,0,1134.527,730.79266,1176.2424,781.25507
209,0,121.420616,749.0486,163.5396,792.7787
246,0,264.2502,279.6262,305.1256,326.76392
37,0,1035.8163,463.83286,1082.8413,506.4725
11,0,700.8461,155.83614,750.0736,205.00438
13,0,0.0,703.1491,17.236423,739.6184
77,0,971.4427,506.28427,1008.7109,543.49005
15,0,69.48722,160.56055,109.868286,207.35101
245,0,1280.5311,15.93626,1326.2825,59.996613
249,0,244.05449,276.57175,306.43527,329.69403
16,0,921.413,681.1103,963.0277,724.904
194,0,77.800995,156.34999,108.367,194.02419
33,0,378.09537,350.81085,411.86084,392.07962
12,0,861.5818,505.3738,898.5068,542.9851
193,0,11.072632,450.60263,47.696613,491.99228
180,0,1244.1133,254.73259,1283.01,297.32816
243,0,142.37305,63.097137,187.47209,107.098694
5,0,1115.163,60.69306,1150.4108,101.41026
37,0,1042.6152,466.80124,1091.3243,511.56088
211,0,1290.1577,15.580626,1335.7625,59.14332
3,0,1305.3894,560.33777,1344.0,605.1181
38,0,25.80308,509.35413,62.357647,549.8996
136,0,1133.8582,730.9634,1175.2291,778.8158
246,0,264.51044,278.90527,305.8142,326.82907
209,0,130.8544,767.56793,168.67078,804.5043
239,0,337.1759,706.54193,381.5538,749.90234
13,0,0.0,703.19965,17.177914,739.35956
15,0,71.661644,154.19525,110.35572,197.4716
11,0,699.283,148.6809,751.83124,196.83215
77,0,971.3777,505.62762,1009.8198,544.11597
205,0,0.3449558,448.11987,47.2359,501.10263
16,0,920.4921,682.21045,962.62836,726.26556
249,0,244.3179,275.25055,306.9085,329.29703
194,0,77.93559,156.41667,108.28879,193.9128
33,0,378.30792,350.8316,411.90817,391.84705
12,0,861.5758,505.42822,898.5102,543.06415
180,0,1244.157,254.89703,1283.136,297.75668
243,0,142.35568,62.7259,187.83296,107.031586
5,0,1115.2766,60.887806,1150.3219,101.43559
193,0,11.094201,450.51874,47.81028,491.87415
211,0,1290.1998,15.731743,1335.5616,59.00052
37,0,1042.5793,466.53226,1091.6913,511.48846
3,0,1305.3342,560.4097,1344.0,605.27325
253,0,1192.4305,448.19907,1231.8547,491.766
136,0,1133.7378,731.1468,1175.2155,779.50757
38,0,25.720778,508.86758,62.984776,550.0124
246,0,264.72025,279.1427,305.74252,326.7765
209,0,131.04608,767.59753,168.59715,804.36035
239,0,336.8571,706.4641,381.18967,749.4344
13,0,0.0,703.25415,17.182343,739.3358
15,0,71.72433,154.28616,110.16928,197.18883
11,0,699.2806,148.54417,751.70953,196.76627
77,0,971.3769,505.5389,1009.8816,544.1036
205,0,0.2917797,448.0198,47.35828,500.8615
16,0,920.42206,682.255,962.4419,726.4218
249,0,244.97395,275.20874,306.6908,329.2349
193,0,12.248386,446.68115,44.64279,481.24783
194,0,78.74735,152.83098,111.75147,189.93912
38,0,31.993067,503.76016,60.376774,540.26447
5,0,1107.8168,45.068344,1149.4866,86.158356
12,0,861.17285,505.1335,899.079,543.40906
180,0,1252.7494,264.8517,1294.3121,306.0191
211,0,1298.7021,17.077623,1336.4727,58.153793
243,0,137.68268,59.23773,175.95258,94.88623
3,0,1303.9009,559.60144,1344.0,604.80347
253,0,1197.2107,431.61905,1242.2156,476.62625
13,0,0.0,703.21,17.11566,739.0536
33,0,373.9507,357.22922,415.59195,403.97217
136,0,1132.8916,730.6837,1176.9565,785.0856
37,0,1047.9658,467.38583,1097.0259,512.42114
205,0,9.074851,445.05823,46.167763,489.20218
209,0,130.15927,769.1171,182.26506,815.29956
16,0,920.9995,682.1581,962.2196,725.3819
215,0,217.69408,264.2275,252.586,301.56674
246,0,270.91232,291.52603,321.72702,336.39252
83,0,217.29353,265.9009,257.88797,311.57117
77,0,971.17444,503.2572,1008.9695,543.5016
135,0,19.307772,430.76465,42.96634,467.81345
33,0,380.96515,372.22992,418.33435,415.59805
5,0,1107.8612,33.915245,1147.9222,75.51457
38,0,30.661644,498.49966,66.58481,537.58075
255,0,352.01312,671.11597,393.49326,715.81323
211,0,1303.1277,32.627975,1337.3256,69.027176
243,0,141.2508,36.08617,171.51282,72.445045
180,0,1266.2478,254.27495,1312.0504,297.4043
194,0,82.24542,145.0689,110.30617,177.6353
12,0,862.1705,505.0564,899.8438,542.9524
37,0,1037.4706,466.84644,1088.5199,511.45718
13,0,0.0,703.5587,16.982439,739.1789
3,0,1301.0201,559.9641,1343.981,600.74084
11,0,716.32745,134.70639,765.244,180.4567
254,0,372.87814,368.08118,417.94614,420.05542
245,0,1297.1099,29.543064,1338.8079,72.489944
16,0,921.0499,682.5729,963.8174,725.00867
193,0,16.353226,429.28134,44.944214,473.74503
136,0,1130.2012,730.89734,1176.8477,786.0833
218,0,1186.1567,411.993,1235.6046,460.79355
77,0,972.64233,502.70703,1009.6066,542.8007
15,0,79.567696,143.71608,111.672646,185.14616
214,0,26.431044,407.7497,60.947853,446.14404
38,0,27.174076,495.00763,60.37455,532.9544
254,0,382.5224,379.29102,421.95917,424.1641
180,0,1281.8367,257.36368,1327.8839,300.95764
194,0,79.62166,136.86163,118.32012,175.32462
255,0,359.23962,663.5821,400.70514,702.30005
11,0,729.3449,135.79724,775.49005,180.89424
246,0,299.96866,288.19705,350.2251,335.5405
258,0,120.34114,737.5123,157.83148,778.2727
211,0,1310.7056,32.19632,1344.0,69.57735
3,0,1298.0348,556.2135,1343.94,599.1579
218,0,1182.1869,395.34775,1226.7847,443.57147
12,0,862.19464,505.21045,899.76807,542.85187
5,0,1123.5856,45.01806,1169.0712,85.76429
243,0,147.40028,42.81282,199.1099,89.10063
136,0,1133.5254,731.10956,1177.4589,784.1193
37,0,1036.8352,457.6952,1086.3903,506.14285
13,0,0.0,703.1069,17.430546,739.3936
16,0,922.2472,682.5082,963.807,724.71326
245,0,1294.7643,28.788979,1343.4755,76.60435
15,0,71.778946,132.92937,117.38687,177.64824
38,0,28.213326,489.6371,59.922543,526.647
258,0,127.07358,720.323,161.68387,760.33374
243,0,172.59416,48.74252,209.7845,87.140495
246,0,301.87146,279.38312,342.84326,322.87057
33,0,368.59286,380.38177,408.94595,419.7679
255,0,370.98022,652.3849,410.0207,693.85016
37,0,1050.0084,453.92792,1094.396,498.19788
12,0,862.5798,506.04135,898.6662,542.80914
3,0,1299.5254,556.39,1344.0,600.5769
194,0,87.258934,132.04669,119.7019,170.86221
5,0,1149.9359,37.34011,1190.4376,75.88552
238,0,1200.196,377.39893,1247.8767,425.0301
11,0,736.2569,147.29633,781.75116,192.94543
13,0,0.0,703.1945,17.213043,739.509
136,0,1131.3643,730.1853,1176.3271,782.6931
16,0,922.9561,682.9069,961.80945,723.56415
211,0,1312.6628,30.605822,1344.0,72.854996
255,0,382.10257,633.0555,414.31387,672.813
194,0,84.39137,128.76161,120.596344,169.0759
258,0,137.99495,703.0813,176.58704,744.2138
243,0,178.57828,37.28713,222.75627,82.00319
38,0,25.966408,486.07007,60.72732,525.1719
33,0,356.03085,382.1855,399.99475,425.0817
214,0,28.221582,394.0244,71.94393,432.29108
246,0,293.36655,278.89676,332.59286,322.51617
11,0,740.7391,149.03912,789.8696,192.96773
3,0,1298.5468,562.8242,1341.4102,607.5604
37,0,1053.7174,451.54196,1105.8027,500.9245
5,0,1158.6334,39.900303,1199.9753,78.424194
12,0,859.59265,504.7601,900.009,543.84546
136,0,1133.9791,729.95734,1177.9152,783.71356
13,0,0.0,703.215,17.058102,739.1263
264,0,0.0,627.062,17.158913,667.8371
263,0,1280.8818,298.47562,1322.2845,343.93747
16,0,925.9515,683.2062,962.0556,722.83704
238,0,1205.24,374.6974,1252.129,427.17862
255,0,382.24838,633.0333,414.3859,672.85986
194,0,84.900734,129.07756,119.33076,167.73534
263,0,1288.432,300.77582,1321.2788,339.9797
258,0,140.70058,704.2379,175.3489,743.2748
243,0,178.92322,37.433235,222.66818,81.66128
38,0,25.950964,486.2345,60.663574,525.16974
33,0,356.09454,381.99185,399.90286,424.74115
214,0,28.363243,393.96988,72.09104,432.22205
246,0,293.6896,279.4322,332.1837,322.36313
11,0,741.18036,148.88335,789.9746,192.87296
37,0,1053.9406,451.67288,1105.6907,500.62735
3,0,1297.909,563.1794,1341.5812,607.82666
5,0,1158.561,39.411865,1200.116,78.27274
12,0,859.6644,504.9151,899.8152,543.67926
136,0,1134.0269,730.29456,1177.6132,783.3302
13,0,0.0,703.2481,16.930336,738.93915
264,0,0.0,627.1972,17.115433,667.57837
265,0,1330.661,51.644325,1344.0,79.45567
266,0,1280.925,298.55273,1322.2837,344.11774
16,0,925.80066,683.1228,961.999,722.569
267,0,371.67395,630.5806,416.14273,678.8057
238,0,1205.462,375.1976,1251.9706,427.29065
255,0,377.62137,619.975,419.04367,664.70404
194,0,89.85813,127.36245,118.02914,158.33052
238,0,1200.5658,369.87845,1234.503,412.43433
33,0,348.29953,379.5625,391.24695,424.21695
263,0,1297.4071,295.55283,1331.2744,333.0597
246,0,289.25415,269.3104,327.1672,314.12082
12,0,860.9286,505.93488,897.98334,542.7515
38,0,24.698631,477.69717,59.15342,517.70776
37,0,1062.658,450.9401,1111.7235,499.26852
3,0,1292.0878,565.6436,1334.905,608.44934
136,0,1133.472,727.4123,1178.6594,779.74023
267,0,366.84042,614.7759,417.1532,665.79175
13,0,0.0,702.9427,16.749977,739.55066
266,0,1290.1388,292.9956,1334.8173,339.71024
264,0,0.0,625.3065,16.235971,668.9848
135,0,23.414978,407.4595,57.51648,456.9354
16,0,926.24786,683.3681,961.6213,721.5116
11,0,739.6052,141.16641,789.9609,186.63707
255,0,383.61008,618.7695,426.17636,662.48004
33,0,348.8471,386.07852,389.66815,430.49997
246,0,294.49826,263.39578,327.74487,307.5869
37,0,1066.5007,450.04358,1115.9835,497.374
238,0,1200.1937,363.04666,1234.0463,404.35284
38,0,25.549099,478.22113,57.754997,514.4764
263,0,1303.5298,289.64874,1340.6675,325.56793
194,0,86.80415,119.82964,117.85577,153.55641
12,0,861.415,505.96033,898.2219,542.526
270,0,1136.9546,15.708215,1173.8922,55.15632
269,0,171.2313,14.861538,201.2214,47.69411
3,0,1289.4779,567.33344,1328.3004,609.6287
136,0,1134.5055,728.8987,1177.7633,777.6814
268,0,102.2185,701.613,141.48814,745.7699
13,0,0.0,703.32605,16.573616,739.0968
266,0,1296.3137,287.40808,1341.5076,329.66263
264,0,0.0,622.79645,15.797297,661.9527
11,0,747.15674,138.7149,796.6126,188.95256
16,0,925.19135,683.2932,959.5122,719.2942
205,0,23.257038,474.0673,61.300453,518.5982
267,0,370.46747,613.6998,415.8142,663.9776
135,0,21.257921,418.4396,58.736603,462.05612
77,0,973.8044,503.37732,1007.455,541.87573
194,0,92.99418,121.3907,128.14175,158.29047
33,0,357.80533,403.6558,396.7264,450.17084
38,0,14.102841,467.8581,50.603466,510.78036
12,0,861.58124,506.50238,897.6378,542.30096
255,0,398.2286,612.7206,445.37927,660.5392
243,0,188.3555,17.63558,225.45862,58.857098
246,0,292.5847,242.08014,333.82602,288.63153
37,0,1081.4202,446.78625,1121.2218,491.77368
136,0,1132.3247,727.42194,1176.9712,780.056
3,0,1281.9635,568.22107,1325.6272,611.0496
11,0,756.0301,146.29276,808.0866,192.11978
135,0,22.417942,434.01477,50.40879,468.20782
270,0,1127.2877,0.0,1165.384,39.702602
13,0,0.0,702.9905,16.995703,739.2365
193,0,18.536018,432.8303,52.99034,480.82297
264,0,0.0,618.19666,14.727654,659.6192
16,0,925.3631,680.0079,962.86957,719.48596
238,0,1199.3162,361.9623,1253.4727,411.9365
77,0,972.34094,502.5872,1009.5934,542.84814
255,0,387.19678,604.0931,425.99738,644.66626
38,0,10.825205,458.48648,47.20253,503.26566
33,0,363.59827,412.56604,403.285,461.08417
194,0,90.45712,114.93273,123.19148,151.93793
12,0,859.4476,506.1206,899.0259,543.18567
270,0,1150.6492,0.088708304,1190.8596,37.878387
37,0,1082.2319,448.59537,1122.5016,491.6683
136,0,1133.326,727.5687,1176.1589,778.88385
13,0,0.0,703.435,16.95976,739.2178
264,0,0.0,617.6745,15.16039,658.2795
267,0,387.39096,605.9484,425.56586,659.097
218,0,1207.1439,376.1243,1251.2439,426.99854
3,0,1281.0369,569.6298,1323.0814,609.7636
11,0,761.65094,144.1158,813.51306,192.09094
16,0,924.4128,679.1763,962.93646,718.8502
246,0,305.32907,245.72406,353.768,292.52203
77,0,973.35736,503.99283,1009.18353,543.3119
243,0,198.15297,2.8658404,245.00858,55.207638
267,0,387.43,604.2551,425.94815,644.46295
38,0,10.698293,458.33356,47.226135,503.39948
194,0,90.905396,115.44046,122.186104,150.99742
33,0,363.6819,412.42377,403.63885,460.86218
246,0,314.62936,246.67667,354.61435,286.87012
12,0,859.49915,506.1649,899.01697,543.11316
287,0,145.89404,704.2605,186.57799,744.2835
270,0,1151.7916,1.1014597,1188.4065,37.445103
243,0,205.95348,2.2640843,242.2602,45.936947
37,0,1082.473,448.53424,1122.04,491.21112
136,0,1133.265,727.3992,1176.0527,778.79846
13,0,0.0,703.4054,17.076302,739.26556
264,0,0.0,617.8049,15.2129345,657.95404
11,0,762.0917,144.43776,813.48706,191.78271
218,0,1210.0968,381.22357,1248.868,424.52878
3,0,1281.2444,569.79047,1322.442,609.70905
16,0,924.20264,679.2787,962.8787,718.2985
289,0,305.52545,245.79619,353.47015,292.0431
288,0,88.15986,113.36339,128.45284,155.02493
77,0,973.61194,504.0756,1009.1381,543.1987
33,0,348.70798,413.45126,387.10922,455.48703
267,0,384.0228,590.281,424.1653,633.7636
288,0,88.05468,112.38114,126.38042,150.15698
12,0,861.45087,507.51828,897.0741,542.4069
253,0,1238.0968,379.30295,1282.5952,422.85922
287,0,167.52882,702.50433,202.14415,737.8379
37,0,1085.4554,445.4321,1124.6504,487.21985
243,0,209.14157,0.0,246.07532,35.10673
38,0,0.0,462.987,31.174738,507.12103
11,0,768.2376,137.83986,816.35486,184.08107
270,0,1169.1375,1.3982882,1211.3328,41.56102
246,0,322.5666,231.86841,366.73926,274.3783
13,0,0.0,702.65924,17.454735,739.028
136,0,1132.1025,727.04895,1177.837,781.2993
264,0,0.0,618.50024,16.200058,657.22925
16,0,926.2759,681.8927,961.57043,715.9167
3,0,1278.5503,570.8379,1318.1653,609.1642
77,0,974.2163,503.43698,1008.62787,543.46747
12,0,861.7499,508.47614,897.1115,542.4492
37,0,1087.9519,436.16052,1129.7664,480.6583
38,0,0.07644567,463.63043,31.410995,500.81558
288,0,96.324356,119.83355,135.09988,159.37338
287,0,169.98195,695.59894,214.84457,737.26544
246,0,315.73596,227.76411,356.66046,269.54712
11,0,774.75397,139.68748,821.26904,185.38324
267,0,395.93927,602.9775,443.87625,644.1592
33,0,329.84396,413.0516,382.16937,463.55698
243,0,229.49475,0.0,263.7603,29.658842
264,0,0.0,618.8606,16.187275,657.86633
136,0,1131.6553,728.3104,1175.9442,782.5095
270,0,1181.3468,3.7522786,1223.2289,43.892235
13,0,0.0,703.0966,17.269077,738.79865
253,0,1246.3679,364.6714,1297.9241,410.61414
294,0,860.02655,505.34894,900.8704,548.38226
16,0,925.9605,680.7315,963.09735,716.93353
288,0,97.89518,111.35396,134.67488,148.80397
12,0,862.02234,508.2058,897.2614,542.3032
33,0,326.9188,413.07736,372.66385,460.1764
11,0,776.5028,143.92365,825.37286,188.83191
37,0,1087.4698,436.87875,1131.3589,483.66193
38,0,0.0,458.71655,32.650215,503.33167
264,0,0.0,617.9797,15.717695,655.55054
136,0,1131.812,723.8191,1177.8597,778.7585
13,0,0.0,703.26685,17.185667,738.3026
3,0,1270.5454,570.42896,1314.372,612.8145
270,0,1180.6652,0.0,1214.6923,32.911217
243,0,229.9516,0.0,259.9134,30.490097
289,0,297.63757,228.20253,346.5783,274.88458
294,0,860.2627,505.3865,900.9694,548.44495
77,0,975.2186,504.61014,1007.7376,543.5573
288,0,104.441315,109.82071,142.48149,146.6332
12,0,861.30884,507.38736,897.4845,542.8423
37,0,1091.8651,429.62296,1135.2653,476.9328
255,0,428.7781,572.2948,469.04312,612.8396
301,0,156.72577,670.8423,191.4697,710.88275
33,0,332.84616,432.9649,372.3871,475.73187
38,0,0.0,451.14993,31.811903,493.7266
13,0,0.0,703.329,16.785946,738.5668
264,0,0.0,618.61945,15.422298,655.9563
289,0,297.93338,241.9839,340.8483,279.6524
136,0,1133.0604,725.7477,1175.7167,780.0407
11,0,775.8033,138.61479,820.7513,183.68694
240,0,107.954544,101.34251,141.52852,142.84363
12,0,861.2331,507.1542,897.85645,543.0816
304,0,1267.8298,383.38867,1316.3303,432.39822
33,0,332.753,443.3875,373.9373,489.2333
37,0,1101.0144,429.6223,1142.0424,473.726
38,0,0.0,442.73642,32.74107,485.50873
301,0,152.7941,662.8972,193.10912,705.24634
267,0,393.40057,574.8434,433.83392,614.7394
264,0,0.0,617.5828,16.105644,656.7862
13,0,0.0,703.0688,16.825361,738.20123
136,0,1133.3907,726.7165,1176.944,779.3957
11,0,773.6563,128.69226,826.4252,178.24611
240,0,108.10486,101.49768,141.36343,142.4215
12,0,861.8702,507.62622,897.76465,543.0374
33,0,333.1672,443.73227,373.57092,488.88046
37,0,1101.2336,429.4274,1142.3497,473.29462
304,0,1267.6385,383.19922,1317.3416,432.61356
38,0,0.0,442.72263,32.68996,485.3008
301,0,152.9359,663.20856,193.17155,705.3955
267,0,393.4448,574.882,433.81308,614.76996
264,0,0.0,617.40546,16.108675,656.3557
136,0,1133.488,726.9992,1177.142,779.25867
13,0,0.0,703.0421,16.8088,738.0549
305,0,387.0971,575.3529,438.7004,630.09906
11,0,773.9779,129.13734,826.41187,178.21933
294,0,859.90796,505.14078,900.9767,549.4243
236,0,109.63375,93.31907,142.7646,129.6381
33,0,342.1798,453.2419,375.73407,493.58975
12,0,860.29034,506.28494,898.1858,543.16705
38,0,0.0,442.37253,29.665335,488.20596
301,0,165.76585,672.4919,208.57274,711.48004
37,0,1103.1342,429.04117,1145.7874,474.99673
264,0,0.0,617.23645,16.177559,653.7983
11,0,781.9612,124.262215,826.80896,167.10999
136,0,1131.9017,722.78754,1176.919,776.3755
13,0,0.0,703.15546,16.618404,738.4896
240,0,102.47354,91.3213,143.43755,137.6358
305,0,382.12704,595.34344,435.61502,644.40826
3,0,1258.7854,571.1659,1306.9562,610.92334
77,0,975.1731,504.1974,1009.071,544.10864
236,0,117.021484,96.50411,151.03238,130.0392
304,0,1276.795,410.53732,1325.9266,455.09586
33,0,321.92447,447.52563,373.0302,491.39774
301,0,183.65102,672.73083,225.4795,711.9066
38,0,0.0,435.4661,33.899952,485.11072
12,0,859.4362,505.68265,900.05707,544.6654
37,0,1099.752,428.84204,1143.7386,473.7566
136,0,1130.8182,720.7883,1178.9594,777.9328
11,0,781.6418,119.60447,831.83466,167.2677
3,0,1255.8536,572.5227,1301.0613,611.7011
13,0,0.0,702.83704,17.272465,738.47565
264,0,0.0,615.10974,16.876991,654.10767
305,0,370.63113,602.74457,417.05212,646.17883
77,0,972.4198,501.773,1010.0188,544.65717
16,0,926.7106,678.9241,964.59155,714.3295
236,0,117.22952,83.74265,154.87694,124.284096
304,0,1287.5637,423.49622,1327.2002,462.4701
38,0,0.0,431.52612,29.720898,475.80344
33,0,315.6068,446.69412,359.38702,484.04874
12,0,859.6221,505.87964,899.9429,544.5146
37,0,1096.5057,429.05148,1139.8306,472.5902
3,0,1253.813,577.19574,1294.5471,614.5097
11,0,787.3561,120.95906,834.1553,165.08255
136,0,1130.9025,720.94025,1177.6034,772.44434
13,0,0.0,702.7338,17.045786,738.70874
301,0,190.90004,663.6401,237.70738,710.0165
264,0,0.0,614.887,16.538095,653.3489
16,0,927.69147,676.6961,965.53534,714.78143
247,0,117.47659,76.52695,162.41104,123.46385
240,0,105.11699,82.07008,151.40727,129.63708
77,0,974.76294,504.03336,1008.4711,543.581
308,0,0.0,613.9622,19.431908,660.3804
236,0,121.997314,82.51751,155.58092,120.97433
38,0,0.0,431.9533,30.090982,470.8173
12,0,861.3328,507.38104,897.9226,543.60297
3,0,1251.2092,578.5972,1291.0221,611.7417
11,0,788.9882,119.33979,834.1638,162.5245
33,0,295.76648,450.44556,350.6278,496.96707
37,0,1090.8302,422.46033,1136.7733,469.54153
304,0,1263.3046,421.31613,1309.2722,463.0148
309,0,398.98038,630.9082,441.40237,672.3778
13,0,0.0,703.3007,16.407242,738.0989
264,0,0.0,615.3188,16.246344,649.54736
136,0,1130.3167,721.2833,1177.2621,771.7733
77,0,973.3387,502.42822,1010.13403,543.209
247,0,120.6174,76.71881,163.56851,123.16096
310,0,1126.3597,723.2677,1175.7677,784.7583
308,0,0.0,614.5405,18.460922,658.5808
236,0,122.094475,82.55756,155.42249,120.752365
38,0,0.0,431.9035,29.962564,470.55484
3,0,1251.2751,579.03455,1290.4742,611.50824
12,0,861.2804,507.3055,898.0502,543.60803
11,0,789.2334,119.484406,834.12115,162.12708
33,0,296.26932,450.50964,350.4271,496.661
313,0,168.10849,656.16614,208.40558,696.2756
37,0,1090.8928,422.57797,1136.6796,469.64417
304,0,1263.4065,421.56155,1309.0051,463.0717
309,0,399.0125,631.1502,441.43124,672.4788
13,0,0.0,703.345,16.427477,738.06647
264,0,0.0,615.3852,16.03234,649.2305
136,0,1130.6387,721.09564,1177.0618,770.13367
77,0,973.33704,502.36948,1010.2736,543.4251
247,0,120.857346,76.78629,163.41861,123.0031
310,0,1126.324,723.03546,1175.9491,784.18
308,0,0.0,614.63666,18.130312,658.43805
236,0,124.79387,66.59263,154.01411,101.9997
37,0,1088.2355,413.08163,1134.5575,460.93637
11,0,785.90906,114.59217,830.3094,157.10333
309,0,406.12167,643.686,443.24817,686.3661
313,0,159.41273,657.34375,194.79114,696.4575
304,0,1255.4144,435.687,1292.6499,478.69177
12,0,862.05084,507.59888,898.2956,543.26245
33,0,297.05872,452.7883,337.43695,495.63724
221,0,7.4762497,426.62378,35.11318,461.3093
3,0,1250.613,576.5957,1289.6819,611.40015
13,0,0.0,703.3204,16.163801,737.8635
264,0,0.0,615.23334,16.430904,650.34375
38,0,0.0,429.15182,20.53233,460.98322
136,0,1132.4744,716.2932,1176.6318,758.4215
310,0,1129.3014,715.1165,1179.6311,772.8747
77,0,974.9783,502.91248,1008.18915,543.7338
308,0,0.0,614.2618,18.873346,658.78577
37,0,1090.7845,401.98825,1133.272,447.44446
236,0,125.62743,68.93071,165.8838,109.77183
135,0,26.990067,420.3831,60.188183,454.64728
313,0,153.14485,635.09796,187.52344,676.3146
12,0,861.85535,509.1696,897.7282,543.16644
33,0,302.82367,463.51648,343.77353,511.2102
249,0,272.02823,259.84885,319.03906,304.51434
13,0,0.0,703.3333,16.393713,738.26276
308,0,0.0,614.04425,17.820944,653.13855
136,0,1132.5525,707.6719,1173.0931,747.61804
11,0,785.44855,106.39707,833.96924,156.7772
3,0,1245.7698,572.89124,1288.9126,613.4577
294,0,859.95123,506.4669,901.0356,549.42676
77,0,974.08203,503.58673,1009.4931,544.59045
310,0,1130.8889,708.9199,1177.1818,769.7399
236,0,127.67518,66.001976,167.76292,105.69998
319,0,399.59552,675.91327,440.3228,719.8189
37,0,1080.2756,400.09158,1127.1155,444.49478
12,0,861.4354,507.45285,898.3313,543.25934
3,0,1241.412,571.92505,1287.8682,612.8301
304,0,1261.4393,454.78366,1302.3606,496.09268
264,0,0.0,615.0966,17.151524,650.4332
313,0,158.29944,626.14166,197.05984,665.38696
136,0,1135.499,704.536,1173.0206,745.48346
13,0,0.0,703.6699,16.190548,737.80493
33,0,306.08377,465.19427,349.11826,514.6246
11,0,797.2721,104.779594,837.91754,145.52895
308,0,0.0,614.39594,19.831322,658.46185
310,0,1128.8707,701.8747,1176.115,753.9015
77,0,975.50684,504.44745,1008.39215,543.2167
236,0,127.78249,65.93263,166.89714,103.145065
33,0,315.18622,473.41064,350.88672,515.2756
249,0,251.11469,247.17155,297.25702,289.6827
319,0,409.02252,681.2999,446.35623,719.69495
320,0,51.447773,401.53766,87.295906,442.80637
12,0,862.88654,507.77533,898.2464,542.78284
3,0,1243.9231,573.68207,1287.3978,610.61383
323,0,171.2823,630.896,212.92165,669.69574
136,0,1135.3503,703.83484,1171.5046,744.80634
37,0,1075.2283,396.86826,1123.5347,443.09006
308,0,0.0,614.7564,18.638504,651.58356
13,0,0.0,703.4415,16.54825,737.85284
304,0,1250.2278,450.19482,1289.3934,490.28625
324,0,306.6037,469.04218,350.09885,519.5072
310,0,1128.9348,700.84985,1175.3075,750.81433
77,0,976.14557,504.61853,1007.88855,542.69977
33,0,311.2127,483.8504,345.76453,528.78076
320,0,44.537743,389.94598,75.65772,423.2099
319,0,414.87866,693.46155,456.54425,735.5046
236,0,129.30067,61.990757,174.37035,106.08887
12,0,863.50305,508.8032,897.56476,542.3939
249,0,275.1707,255.36673,311.40335,294.88284
323,0,193.05821,631.6516,227.20581,664.9517
304,0,1238.7211,454.89417,1278.6083,502.2763
136,0,1138.4204,698.42285,1174.5372,733.48395
37,0,1075.9133,396.9246,1121.1006,440.6702
308,0,0.0,615.21094,18.397745,652.3133
13,0,0.0,703.60504,16.344105,737.47144
329,0,362.7818,606.71295,399.5872,643.7448
3,0,1239.1808,578.2317,1279.474,614.4216
310,0,1136.8143,696.5901,1178.9713,742.3092
77,0,976.04626,503.8986,1008.5532,543.6563
294,0,861.1183,505.8981,901.1221,547.1142
324,0,305.3861,477.83252,347.71167,530.4481
11,0,798.4937,97.78289,838.70154,139.70956
214,0,50.96021,371.37482,91.07058,410.3272
236,0,143.81499,60.505928,187.24203,103.071045
12,0,861.6856,506.64908,898.2986,542.9988
37,0,1071.0703,397.45428,1117.1991,442.8446
304,0,1242.7236,488.79108,1280.513,529.78705
33,0,286.83398,493.07233,335.84137,540.0851
310,0,1136.8721,688.5482,1173.7046,730.4029
11,0,804.43317,91.31492,846.13605,131.57373
13,0,0.0,703.32404,16.481422,737.5729
249,0,285.12793,247.5109,325.1243,287.75964
308,0,0.0,615.02075,18.37723,652.7587
77,0,973.9207,503.1441,1011.20264,544.07245
3,0,1232.198,572.043,1274.9612,612.82587
214,0,51.0655,371.46536,90.98288,410.30447
236,0,143.90533,60.4382,187.25487,103.13841
12,0,861.7475,506.70972,898.2501,542.9906
37,0,1071.0883,397.443,1117.1683,442.83493
304,0,1242.7343,488.7155,1280.4115,529.3595
136,0,1137.1292,688.8769,1173.5072,730.2117
33,0,286.75446,492.9196,335.65,539.9409
336,0,392.15204,681.7818,430.1776,720.5862
11,0,804.4622,91.37055,846.15485,131.63937
13,0,0.0,703.3373,16.480175,737.5139
249,0,285.0907,247.63182,325.19193,287.82834
308,0,0.0,614.993,18.388126,652.7363
77,0,973.94867,503.10666,1011.1602,544.03204
3,0,1232.3728,572.1149,1275.0712,612.64746
335,0,388.77618,679.1479,436.89227,727.1868
334,0,195.30962,614.5763,239.75275,661.91797
236,0,147.71481,57.622643,189.52525,98.61199
12,0,863.0949,507.60916,898.0557,542.3941
37,0,1074.0571,388.3873,1117.0815,436.60583
214,0,61.4185,364.84897,99.97522,407.97452
334,0,186.92828,607.4092,221.71172,644.393
310,0,1142.0205,680.97675,1179.3857,719.72974
335,0,388.30637,670.5816,434.65332,714.17377
3,0,1225.2244,571.9812,1272.7107,613.1532
11,0,805.7493,84.615005,848.06134,128.49332
13,0,0.0,703.0442,16.973368,738.38605
308,0,0.0,614.485,19.631908,653.73065
77,0,974.08606,503.1639,1010.4887,543.50714
310,0,1143.6902,672.42645,1180.3473,710.3253
12,0,861.6957,506.9062,898.1524,542.75934
37,0,1079.8429,383.58844,1120.7719,430.8352
249,0,306.96097,256.7972,343.03964,294.79538
320,0,40.411106,367.63135,78.08487,405.01318
334,0,196.94472,593.8766,232.23962,629.65454
258,0,272.2735,472.02856,316.93246,510.3021
3,0,1223.124,571.79224,1267.5614,612.32056
236,0,150.29099,61.459763,193.07576,103.115036
308,0,0.0,615.4649,18.856745,652.5656
13,0,0.0,703.53546,16.553658,738.0909
77,0,976.2531,505.1777,1008.85254,543.4805
11,0,801.39404,81.16468,844.4878,125.41756
